FSF,C4E,Title 1,SBSS,RS,Preschool,ARPA (not in other columns on the left),Private Grant,Fund for Public Schools,New Visions,Title III,Title IV,Other
TL CRRSA FSF Deficit Relief HS,Contract for Excellence FY 09 HS,High Need Support for Title I STH,School Support Supplement,TL RS Mandated Counseling Shared,3K for All,ARPA Academic Recovery,Private Grant 32 - UFT Sub Coverage for Paras,Funds Pub Schl 75 - Arnhold Dance,NEW VISIONS 06,Title III LEP CW,Title IV Fall Reopening Planning Grant,TL After School Expansion CW
TL Fair Student Funding HS,Contract for Excellence FY 09,Title I STH for Non Title I Schools,IDEA SBST Shared,IDEA RS IEP Para,4K for All,ARPA Academic Recovery Arts,Private Grant 99 Energy Demand,Funds Pub Schl 310 - PS771K Comm Empowerment Ntwk,NEW VISIONS 02 - Curr Prof,Title III Translation Services,Title IV Specialized HS Admissions,TL BMS CW
TL FSF Floor Raise HS,Contract for Excellence FY 09 Pre-K,High Need Support for Title I,TL SBST Shared,TL RS IEP Para,3K SCIS Classes,ARPA Academic Recovery Home Language Libraries,Private PTA Grant 02,Funds Pub Schl 13 - Walentasm,NEW VISIONS 12,Title III Immigrant,Rollover Title IV Community Coordinator,TL CB School Staff CW
TL Fair Student Funding,TL SE Specialized Programs C4E ASD,Title I SWP,TL CFES SBST Clustering,TL RS Mandated Speech Shared,Pre-K SCIS Classes,ARPA Academic Recovery SE Comp Services,Private Grant 37,Funds Pub Schl 09 - Big Apple Awards,NEW VISIONS 25,Title III LEP,Title IV Community Coordinator,TL College & Career Advising CW
TL FSF School to School Transfers Shared HS,TL 09 C4E ICT HS,Title I SWP Carry Over,TL SBST Shared,TL RS Occupational Therapist PS Shared,Pre-K Special Classes,ARPA Digital Classroom,Private Grant 33,Funds Pub Schl 308 - Aspen Institute Challenge,NEW VISIONS 23 - Summer Counselor,Title III Summer Rising ML Support,Title IV ELL/Special Need Partner Art Project OTPS,TL Computer Maintenance CW
TL FSF Post-IEP Support HS,TL 09 C4E ICT,Title I SWP Carry Over Parent and Family Engage,ARPA Academic Recovery SBST PITs,TL RS Speech Sixth Period Coverage,CRRSA 3K for All Expansion,ARPA CareerReady SYEP,Rollover Private Grant 50-UFTTC City Council Grant,Funds Pub Schl 15 - High Qualitym,NEW VISIONS 20 - Astor Libraries,Title III Immigrant Carryover,Title IV ELL/Special Needs Partner Arts Project PS,TL Instructional Programs CW
TL FSF Floor Raise,TL 09 C4E CTT HS,Title I SWP Parent and Family Engagement,ARPA Academic Recovery SBST Family Worker,TL RS IEP Teacher HS,Pre-K,ARPA Academic Recovery Social Worker,Rollover Private PTA Grant 02 (91202),Funds Pub Schl 00 - Music Fellows Grant,NEW VISIONS 10 - NSI GATES SUMMER PLANNG STIPEND,Title III LEP Bilingual Programs,Title IV Parent and Arts Partner Program OTPS,TL MOSL CW
TL FSF Post-IEP Support,TL 09 C4E CTT,Title I SWP STH,ARPA Academic Recovery SBST School Psychologist,TL RS IEP Teacher,Universal PreK Quality Full-Day,ARPA Academic Recovery Community Schools,Rollover Private PTA Grant 10 (01210),Funds Pub Schl 303 - Music Fellows (6 months),NEW VISIONS 26,Title III LEP STEM,Title IV Parent and Arts Partner Program PS,TL NYSTL Hardware CW
TL CRRSA FSF Deficit Relief,,Title I SWP Translation Services,TL CFES SBST Clustering,TL RS Physical Therapist PS Shared,Pre-K and 3K Thrive,ARPA Computer Science for All,Private PTA Grant 03,Funds Pub Schl 47 - PS 455R - OTPS,Rollover New Visions 26 - Various Schools,Title III LEP Summer in the City,Title IV Student Pathways,TL NYSTL Library Books CW
TL Funds Over Formula,,Title I 1003a TSI/CSI OTPS,SM02 NYSED New Immigrant Students School Support,TL RS APE Teacher Shared,4K Thrive,ARPA D75 New Sites CW,Private PTA Grant 05,Funds Pub Schl 99 - Health Ed Works School Grant,NEW VISIONS 30 - INSI-24Q485/27Q480/28Q310/29Q259,Title III Summer in the City MLL Support,Title IV Safe Healthy Counseling Summer Rising,TL NYSTL Software CW
TL Funds Over Formula HS,,Title I 1003a TSI/CSI PS,IDEA SBST Shared,ESY Summer Rising Services RS,Pre-K Plus,ARPA Project Pivot Per Session,Private PTA Grant 04,Funds Pub Schl 01 - Music Fellows Grant (Elem.),Rollover New Visions 09 - NSI Gates,Title III Immigrant Supplemental SITC,Title IV Summer Rising Pathways Initiatives,TL NYSTL Textbooks CW
TL FSF School to School Transfers Shared,,Title I CSI Participatory Budgeting,TL SBST PITs Shared,TL RS ESY Summer Rising Services,Universal PreK Quality Full-Day Plus,ARPA Project Pivot Vendor Services,Rollover Private Grant 30 (02930),Funds Pub Schl 315 - Imagine NYC Schools,NEW VISIONS 05,Title III Immigrant Carryover Post 630,Title IV CTE Modernization Award,TL Parent and Arts Partner Program OTPS CW
TL CRRSA FSF Floor Raise HS,,Title I TA Parent and Family Engagement,TL Showcase School Support CW,RS Pre-K Special Classes,TL Pre-K Medicaid Speech Providers,ARPA Academic Recovery D75 Summer PM Prg D97 UA481,Rollover Private Grant 39 (02939),Funds Pub Schl 11 - NSI Gates,NEW VISIONS 15,Title III Immigrant Summer in the City,Title IV Student Pathways Advising and New Paths,TL Parent and Arts Partner Program PS CW
TL CRRSA FSF Floor Raise,,Title I Targeted Assistance,TL Showcase School Support,ARPA Academic Recovery SE RS Related Services,Pre-K Program Support,ARPA Academic Recovery D75 Summer PM Prg D97 UA482,Rollover Private Grant 52 (92952),Funds Pub Schl 317 - PS 291Q - OTPS,NEW VISIONS 11 - NSI Gates,Title III LEP Post 630,Title IV Summer Rising CareerClue,TL Parent Coordinator CW
TL FSF Legacy Teacher Supplement,,Title I Targeted Assistance Translation Services,Funds Pub Schl 307 - Unrestricted School Support,Sequester Aid IDEA RS IEP Paras,4K Para Support,ARPA Academic Recovery Screener,Rollover Private PTA Grant 05 (01205),Funds Pub Schl 08 - PS 258Q - Per Session and OTPS,NEW VISIONS 13 - NSI Gates,,Title IV Community Schools,TL Parent Coordinator OTPS CW
TL FSF Legacy Teacher Supplement HS,,Title I STH for Non Title I Schools Carry Over,Funds Pub Schl 30 - PS 671K - School Support,ESY Student Summer in the City Services RS,Pre-K Thrive,ARPA School COVID-19 Staffing Supplement,Rollover Private PTA Grant 13 (91213),Funds Pub Schl 309 - PS 127Q - OTPS,NEW VISIONS 14,,Title IV Pathways SVA,TL Project Arts CW
,,Title I STH,Funds Pub Schl 30 - PS203K - School Support,TL RS Student Summer In the City Services,Universal PreK,ARPA Academic Recovery AP Summer Rising,Rollover Private PTA Grant 03 (01203),Funds Pub Schl 31 - Imagine NYC Schools,NEW VISIONS 18,,Rollover Title IV Community Schools,TL Specialized Admissions CW
,,Title I STH Carry Over,Funds Pub Schl 32 - PS 525K - School Support,TL CFES RS Open Schools IEP Paras,TL Pre-K Program CW,ARPA Academic Recovery Transfer Schools,Private Grant 90 - UFT PROSE,Funds Pub Schl 17 - PS 323Q - OTPS,NEW VISIONS 27,,Title IV Ed Tech,TL Supplemental Instructional Support CW
,,Sequester/2010 Census Title I SWP,Funds Pub Schl 358 - PS 368X - School Support,TL ASA Register Growth,3K Pre-K Center,ARPA Academic Recovery Dream Squads,Private Grant 46 - FY23 Casa Per Session,Funds Pub Schl 37 - PS 323Q - OTPS/Per Session,NEW VISIONS 21 - Public School Library,,Title IV Ed Tech Teams,TL Terminal and Paid Leaves CW
,,Title I SWP Parent Involvement,Funds Pub Schl 29 - PS 30M - School Support,TL CB School Staff CW,4K Pre-K Center,ARPA Academic Recovery Para Summer Rising,Rollover Private Grant 39 - CASA Per Session,Funds Pub Schl 76-Flag Foundation,NEW VISIONS 07 - NSI Gates Summer Stipend,,Title IV Summer Rising Reopening Planning,TL Translation Services CW
,,Title I SWP Summer in the City,,TL CB School Staff Related Services,Pre-K Center SCIS Classes,ARPA Academic Recovery Para Support Summer Rising,Private Grant 30,Funds Pub Schl 316 - PS 226Q,NEW VISIONS 29 - NSI Gates,,Title IV Safe and Healthy,AIDP Elementary CW
,,Title I 1003a Summer,,,Pre-K Ed Para Support High Need Districts,ARPA Academic Recovery SE Support Summer Rising,Rollover Private Grant 30,Funds Pub Schl 38 - Digital Promise,NEW VISIONS 09 - NSI GATES,,Title IV Well Rounded ELA Math Support,TL Host School HS
,,Title I Priority/Focus SWP,,,Pre-K Center Instruction,ARPA Academic Recovery Summer Rising ML Support,Private Grant 51,Funds Pub Schl 91 - PS 525Q - OTPS,Rollover New Visions 18 - NSI Gates,,Title IV Well Rounded,TL MH Continuum Resources CW
,,Title I Priority/Focus SWP Parent Education,,,Pre-K Center Situation Room,ARPA Summer Rising Support Staff,Private Grant 52,Funds Pub Schl 98 - PS 200Q - OTPS,Rollover New Visions 19 - D17 School Allocations,,Title IV ED Tech,TL ELL/Special Needs Partner Arts Project PS CW
,,Rollover Title I Schl Imprv 97 Enhance Grant 11697,,,Pre-K Center Instruction Plus,ARPA Academic Recovery Immigrant Ambassador,Rollover Private Grant 33,Funds Pub Schl 60 - PS 185Q - OTPS,Rollover New Visions 16-New Visions Grnt to 17K539,,Rollover Title IV Community Coordinator D32,TL Travel Training CW
,,Title I Enhanced - EPL,,,,ARPA Academic Recovery Summer Rising Shared,Rollover Private PTA Grant 02 (01202),Funds Pub Schl 59 - PS 21Q - OTPS,Rollover New Visions 02 - Rollover Grants,,Rollover Title IV Ed Tech,TL New Curriculum Support CW
,,Title I School Improvement 97 Enhanced Grant 11697,,,,ARPA Academic Recovery PREP,Rollover Private PTA Grant 05 (81205),Funds Pub Schl 305 - PS 311Q - OTPS,NEW VISIONS 03,,Title IV Collaborative School Micro-Grants,IDEA Per Capita CW
,,Rollover Title I 1003a TSI/CSI OTPS,,,,ARPA Academic Recovery Summer Rising ASD,Private Grant 31,Funds Pub Schl 74 - Music Fellows,NEW VISIONS 28 - INSI,,Title IV Collaborative Schools,TL PreK Programs 8 1 2 CW
,,Rollover Title I 1003a TSI/CSI PS,,,,ARPA Academic Recovery High Impact Tutoring,Rollover Private Grant 38 (12938),Funds Pub Schl 34 - Italian Amercn Commit on Edu,Rollover New Visions 25 - New Visions for Var Schl,,Rollover Title IV Safe and Healthy,PreK Autistic Spectrum CW
,,Title I 1003 TSI/CSI Planning OTPS,,,,ARPA Gifted and Talented Support,Rollover Private PTA Grant 03 (91203),Funds Pub Schl 90 - PS 13Q - PS,Rollover New Visions 11-School Library Collection,,,TL PreK Program Support CW
,,Title I 1003 TSI/CSI Planning PS,,,,ARPA Virtual Learning Classrooms,Rollover Private PTA Grant 09 (01209),Funds Pub Schl 302 - Matisse School Grants,Rollover New Visions 08 - School Awards,,,Project Open Arms
,,Title I SWP Teacher Leadership,,,,ARPA Vaccine Coverage Policy,Private Grant 34,Funds Pub Schl 10 - Here to Here,Rollover New Visions 03 - School Awards,,,TL Sabbaticals CW
,,Title I SWP Renewal School Teacher Leadership,,,,ARPA Academic Recovery Literacy and Dyslexia,Rollover Private Grant 31,Funds Pub Schl 325 - PS410K_Per Session,NEW VISIONS 04,,,TL Therapeutic Crisis CW
,,Title I Renewal School Teacher Leadership,,,,ARPA Academic Recovery SE Counseling,Private Grant 43-Verizon Innovative Learning Lab,Funds Pub Schl 36 - PS 164K - OTPS,Rollover New Visions 10 - Schools Awards,,,TL ASD 6 2 1 Program CW
,,Title I SWP Post 630,,,,ARPA Academic Recovery SE Planning Prep,Private Grant 39,Funds Pub Schl 39 - PS 164K - Per Session,NEW VISIONS 22 - Astor Librarians,,,TL City Council Member Items
,,Sequester Aid Title I STH for Non-Title I Schools,,,,ARPA School COVID Planning Expansion,Private Grant 44,Funds Pub Schl 45 - PS 112K - OTPS,NEW VISIONS 17 - Post Secondary,,,Foundation Grant 04 - UFTTC City Council Grant
,,Rollover Title I Distinguished Schools 81697,,,,ARPA Vaccine Policy Coverage,Private Grant 48,Funds Pub Schl 34 - PS 48K - Per Session,Rollover New Visions 05 - 06M462,,,TL CFES Open Schools CW
,,Title I Distinguished Schools 81697,,,,ARPA Academic Recovery Arts Summer Rising,Rollover Private Grant 42 (02943),Funds Pub Schl 69 - PS 30K - Dual Language,NEW VISIONS 08,,,TL One-Time Allocations CW
,,Sequester/2010 Census Title I TA,,,,ARPA Academic Recovery Community Schools Expansion,Private Grant 32,Funds Pub Schl 46 - PS 618K - OTPS/Per Session,NEW VISIONS 16,,,TL Student Club Advisor PS CW
,,Title I Enhanced - EDL,,,,ARPA LA MYA Register Relief,Private Grant 40,Funds Pub Schl 97 - PS 618K - OTPS,Rollover New Visions 06 - School Awards,,,TL Student Club Initiative OTPS CW
,,Title I TA Parent Involvement,,,,ARPA Academic Recovery Summer Rising,Private Grant 35,Funds Pub Schl 88 - PS 115K,Rollover New Visions 07 - School Awards,,,TL NCSI After-School Tutoring CW
,,Rollover Title I CSI Participatory Budgeting,,,,ARPA Community School Supplement,Private Grant 36,Funds Pub Schl 94 - PS 765K - OTPS,Rollover New Visions 13 - New Visions for Pub Schl,,,State Misc 10
,,Title I Enhanced - Supporting New Principals,,,,ARPA COVID Staffing Support,Private Grant 41,Funds Pub Schl 40 - PS 261K - Salary,NEW VISIONS 24 - Library Support,,,TL Broadway Junior Arts Supplement CW
,,Title I Enhanced - ICC,,,,ARPA Academic Recovery CBO Support Summer Rising,Private PTA Grant 07,Funds Pub Schl 68 - Aksia Chess,Rollover New Visions 15-New Visions for Pub Schls,,,TL Broadway Junior Arts Supplement OTPS CW
,,Title I SIG Enhanced Grant - High School Redesign,,,,ARPA Academic Recovery CTE Summer Rising,Rollover Private PTA Grant 02,Funds Pub Schl 61 - PS 430K - Per Session #1,New Visions 09 - Curriculum Professional Develop,,,FY23 Grant in Aid Senate (38669)
,,PreK Title I,,,,ARPA Academic Recovery Remote Summer Rising,Rollover Private PTA Grant 06,Funds Pub Schl 62 - PS 430K - Per Session #2,ROLLOVER NEW VISIONS PRIVATE GRANTS,,,TL Home and Hospital CW
,,IC REV OTI Civic Engage Idea Generation Sessions,,,,ARPA Academic Recovery WBL Summer Rising,Rollover Private PTA Grant 06 (61206),Funds Pub Schl 29 - PS 439X Per Session,New Visions 23 - New Visions for Curriculum Dev,,,TL Summer School Shared CW
,,Rollover Title I Enhanced - AE,,,,ARPA LA Permanent Placement,Private PTA Grant 06,Funds Pub Schl 311 - PS 368X - OTPS/Per Session,New Visions 24 - NV Grants for 20K485 and 31R600,,,IC Rev DSNY Zero Waste School Awards
,,TITLE I NYSIP PLC PHASE III GRANT FY23 - D30,,,,,Rollover Private PTA Grant 05 (91205),Funds Pub Schl 33 - PS 368X - Per Session,New Visions 17-For Library Collection Development,,,Smart Schools Bond Act
,,Rollover Title I Enhanced - DRP,,,,,Rollover Private Grant 37 (12937),Funds Pub Schl 326 - Imagine NYC Schools D10,New Visions 26-Astor Collaboration-Schl Libraries,,,TL 12-Month AP HS
,,Title I 1003A Coaching for Excellence,,,,,Rollover Private PTA Grant 01 (91201),Funds Pub Schl 64 - PS 307X - OTPS,New Visions 18 - NSI Gates,,,TL ACCESS Summer Rising WBL
,,Title I 1003A FY23,,,,,Rollover Private PTA Grant 03 (11203),Funds Pub Schl 06 - PS 284X - Per Session,New Visions 07 - Gates NSI Grants,,,TL CB School Staff
,,Title I TA Carry Over,,,,,Private Grant 42 - Eskolta Schl Research/Design,Funds Pub Schl 306 - PS207X - Per Session,New Visions 04 - Drive Write Post-Assess Grading,,,TL CC Arts Instruction Advancement
,,Title I TA Carry Over Parent and Family Engage,,,,,Rollover Private Grant 32,Funds Pub Schl 05 - PS 86X - Per Session,New Visions 05 - NSI Gates Summer Stipend,,,TL College & Career Advising HS
,,Title I TA STH,,,,,Rollover Private Grant 34 (12934),Funds Pub Schl 63 - PS86X,New Visions 09-NSI Gates-27Q302.30Q301.30Q286.D28,,,TL Computer Maintenance HS
,,Rollover Title I Enhanced - EDL,,,,,Private Grant 55,Funds Pub Schl 44 - PS 24X - OTPS,New Visions 10 - New Visions 30Q301,,,TL Continuous Improvement HS
,,Rollover Title I Enhanced - EPL,,,,,Rollover Private Grant 32 (02932),Funds Pub Schl 58 - Better.Com,Rollover New Visions 02 - Private Grants,,,TL E&E AP for All PSPD HS
,,Rollover Title I Enhanced - ICC,,,,,Rollover Private PTA Grant 30 (01230),Funds Pub Schl 83 - PS 454X,New Visions 03 - Drive Write Post-Assess Grading,,,TL E&E AP for All Support HS
,,Rollover Title I Enhanced - Ext SCEP,,,,,Rollover Private Grant 36,Funds Pub Schl 04 - PS 260X - Per Session,New Visions 02 - Rollover Grants,,,TL ELA/Math Student Support
,,Title I SIG 88 - NYS Integration Phase III - D15,,,,,Private Grant 56-College Board/Citadel AP Computer,Funds Pub Schl 318 - PS250X - OTPS/Per Session,New Visions 24 - Library Grant,,,TL MOSL
,,Rollover Title I - Enhanced - ICC,,,,,Rollover Private Grant 37 (92937),Funds Pub Schl 85 - INSI Gates,New Visions 09 - NSI Gates,,,TL MYA COVID Register Relief HS
,,Rollover Title I Enhanced-Intr to Restorative Schl,,,,,Rollover Private PTA Grant 03,Funds Pub Schl 73 - American Library Association,New Visions 26 - New Visions For Various Schools,,,TL New Curriculum Support HS
,,Rollover Title I SIG Enhanced Grant - HS Redesign,,,,,Rollover Private PTA Grant 11,Funds Pub Schl 53 - PS 71X - OTPS,New Visions 21 - New Visions Astor Libraries,,,TL NYSTL Hardware HS
,,Title I School Improvement 97 Enhanced Grant,,,,,Rollover Private Grant 35 (02935),Funds Pub Schl 12 - United Way of NY,New Visions 26 - Astor Collaboration,,,TL NYSTL Library Books HS
,,Rollover Title I Enhanced - Supprtng New Principal,,,,,Private PTA Grant 10,Funds Pub Schl 314 - PS 359X - OTPS,New Visions 10 - 27Q650 Earth Science Co-Design,,,TL NYSTL Software HS
,,Title I STH for Non Title I Schools Post 630,,,,,Private PTA Grant 09,Funds Pub Schl 87 - PS 467M,New Visions 17 - Summer PD Curric Planning,,,TL NYSTL Textbooks HS
,,Rollover TI SIG Cohort 3 Year 5 77040,,,,,Private PTA Grant 13,Funds Pub Schl 312 - PS 209M - OTPS,New Visions 05 - 27Q480 PD Summer,,,TL Parent Coordinator HS
,,Title I Enhanced - AE,,,,,Rollover Private PTA Grant 12,Funds Pub Schl 20 - PS 52M - OTPS and Per Session,New Visions 09 - PD Summer 2019,,,TL Parent Coordinator OTPS HS
,,Rollover TI SIG Cohort 4 Yr 5 Transform (32K291),,,,,Rollover Private PTA Grant 04,Funds Pub Schl 67 - PS 670M - Per Session,New Visions 25 - Professional Development,,,TL Translation Services
,,Rollover TI SIG Coh4Yr4 Transform(32K291),,,,,Rollover Private Grant 32 (92932),Funds Pub Schl 18 - PS 517M,New Visions 06 - For Librarian at Beach Tunnel,,,TL Computer Maintenance
,,TI SIG Cohort 4 Yr 5 Transformation (32K291),,,,,Rollover Private Grant 34 (02934),Funds Pub Schl 304 - PS 499M - Per Session,New Visions 02 - Drive Write Post-Assess Grading,,,TL MH Continuum Resources
,,Rollover TI SIG Cohort 7 YR5 (32K151),,,,,Rollover Private PTA Grant 06 (91206),Funds Pub Schl 19 - PS 161M - OTPS,New Visions 10 - Supp/Dev for Schl Libry Curr Dev,,,TL NYSTL Hardware
,,TI SIG Cohort 7 YR5 (32K151),,,,,Rollover Private PTA Grant 13 (71213),Funds Pub Schl 21 - PS 146M - OTPS and Per Session,New Visions 05 - Lazard Academy Principal Advisory,,,TL NYSTL Library Books
,,TI SIG Cohort 7 YR4 (32K151),,,,,Rollover Private PTA Grant 16 (81216),Funds Pub Schl 96 - PS M146 - OTPS,New Visions 05 - Charter HS - Humanities III,,,TL NYSTL Software
,,TI SIG Cohort 7 Year 3 (32K151),,,,,Rollover Private PTA Grant 05 (11205),Funds Pub Schl 54 - PS 505M - OTPS,New Visions 12 - Charter High School,,,TL NYSTL Textbooks
,,TI SIG Cohort 7 Yr 2 32K151,,,,,Rollover Private PTA Grant 05,Funds Pub Schl 72 - PS 485M - Price Trust,New Visions 03 - Volleyball Grant,,,TL Parent Coordinator
,,Rollover Title I NYSIP PLC Grant FY21 - Dist 30,,,,,Rollover Private Grant 33 (02933),Funds Pub Schl 78 - PS 485M - Walter Brown,New Visions 15 - Charter HS for Adv Math/Sci(K738),,,TL Parent Coordinator OTPS
,,Rollover Title I NYSIP PLC Grant - D30,,,,,Rollover Private PTA Grant 09,Funds Pub Schl 79 - PS 485M - Various,New Visions 16-Charter HS for Humanities III(K739),,,TL Section 504
,,Rollover TI SIG Cohort 6 Year 5 (30Q111),,,,,Rollover Private PTA Grant 06 (01206),Funds Pub Schl 82 - PS 485M - OTPS,New Visions 20 - Educational Initiatives at 22K611,,,TL Specialized Admissions
,,TI SIG Cohort 6 Year 5 (30Q111),,,,,Rollover Private PTA Grant 08,Funds Pub Schl 56 - PS 258M - Per Session,New Visions 08,,,TL Summer Rising Shared
,,TI SIG Cohort 6 Year 4 (30Q111),,,,,Rollover Private Grant 99 - Energy Demand,Funds Pub Schl 14 - Harvest Collegiate,Rollover New Visions 26-Astor Collabor Schl Librry,,,TL Thrive School Response Clinicians
,,TI SIG Cohort 6 Yr 3 30Q111,,,,,Rollover Private Grant 38 - Bx DOE Eskolta Network,Funds Pub Schl 27 - PS 533M OTPS,New Visions 25 - Summer Curriculum PD,,,21st Century 84
,,TI SIG Cohort 7 Year 5 (28Q338),,,,,Private Grant 32 - CBO Empire Award,Funds Pub Schl 84 - PS 408M,New Visions 12 - Curr Prof Dev at 20K485 21K410,,,CC Sub Abuse
,,TI SIG Cohort 7 Year 4 (28Q338),,,,,Rollover Private Grant 30 (12930),Funds Pub Schl 55-Equal Opportunity Schools (EOS),New Visions 10 - Lib.Instrtn Profsnl Lrng Comm.,,,OASAS Sub Abuse OTPS
,,TI SIG Cohort 7 Year 3 (28Q338)c,,,,,Private Grant 33 - Am. Museum of Natural History,Funds Pub Schl 86 - PS 313M - Per Session,New Visions 22-NSI Gates Grants-14K614 and 19K618,,,TL E&E Advanced Placement for All HS
,,TI SIG Cohort 7 Yr 2 28Q338,,,,,Rollover Private Grant 39-Raphael Memorium (32939),Funds Pub Schl 32 - PS 131M OTPS and Per Session,New Visions 11 - NSI Gates,,,TL Terminal and Paid Leaves
,,Title I SWP Rise School Teacher Leadership,,,,,Rollover Private PTA Grant 04 (81204),Funds Pub Schl 03 - PS 3M - OTPS,New Visions 12 - Multilingual Learner Project,,,AIDP Attendance Shared
,,TI SIG Cohort 5 Year 5 (27Q475),,,,,Rollover Private PTA Grant 04 (91204),Funds Pub Schl 93 - PS 539M - OTPS/Per Session,New Visions 20 - Various BK Schools Library Devel,,,OASAS Sub Abuse
,,TI SIG Cohort5 Year4 (27Q475),,,,,Rollover Private PTA Grant 02 (11202),Funds Pub Schl 313 - PS 450M - OTPS,New Visions 10 - Summer Counseling,,,TL Summer Rising Supplement Shared
,,Rollover TI SIG Cohort 7 Year 5 (27Q260),,,,,Rollover Private PTA Grant 15,Funds Pub Schl 42 - PS 15M - OTPS,New Visions 03 - College Advsng Pilot Data Portal,,,AIDP Phaseout 2025
,,TI SIG Cohort 7 Year 5 (27Q260),,,,,Private PTA Grant 12,Funds Pub Schl 43 - PS 15 M - Unrestricted,New Visions 13-Data Portal-College Advising Pilot,,,TL Sabbaticals
,,TI SIG Cohort 7 Year 4 (27Q260),,,,,Rollover Private PTA Grant 07 (01207),Funds Pub Schl 80 - PS 15M - OTPS,New Visions 06 - College Advising Pilot,,,TL Student Club Advisor PS
,,TI SIG Cohort 7 Year 3 (27Q260),,,,,Rollover Private Grant 34 (92934),Funds Pub Schl 26 - PS 146M - PS 371M Per Session,New Visions 11 - New Visions College Advsng Pilot,,,TL Student Club Initiative OTPS
,,TI SIG Cohort 7 Yr 2 27Q260,,,,,Rollover Private Grant 59 (82959),Funds Pub Schl 48 - PS 625X - Walkabout,New Visions 19 - D17 School Allocations,,,TL Specialized Admissions HS
,,TI SIG Cohort 7 Year 5 (27Q183),,,,,Private Grant 38,Funds Pub Schl 49 - PS 25X - NSVF,New Visions 20 - School Libraray Grnt-Various Schl,,,Rollover Smart Schools Bond Act (98220)
,,TI SIG Cohort 7 Year 4 (27Q183),,,,,Rollover Private PTA Grant 13,Funds Pub Schl 77 - PS 20M - OTPS,New Visions 23 - Library Dev Astor Cntr Collaborat,,,Title IIA Supplemental
,,TI SIG Cohort 7 Year 3 (27Q183),,,,,Private PTA Grant 11,Funds Pub Schl 45 - Citizen Science,New Visions 05 - 15K592 NSI Programs,,,TL MYA COVID Register Relief
,,TI SIG Cohort 7 Yr 2 27Q183,,,,,Rollover Private PTA Grant 07 (11207),Funds Pub Schl 390 - Arnhold Dance Program,New Visions 17 - Summer Curriculum PD - 14K614,,,TL New Curriculum Support
,,Rollover TI SIG Coh 4 Yr 5 Transformation (26Q435),,,,,Rollover Private PTA Grant 14,Funds Pub Schl 62 - Arnhold Dance,New Visions 27 - Fall 2020 Earth Science Co Design,,,TL Permanent Placement 2022
,,Rollover TI SIG Coh4Yr4 Transform(26Q435),,,,,Rollover Private Grant 31 (12931),Funds Pub Schl 82 -Arnhold Dance Program,New Visions 10 - Summer Curriculum PD Planning,,,TL SE Specialized Program Bilingual
,,TI SIG Cohort 4 Yr 5 Transformation (26Q435),,,,,Private PTA Grant 08,Funds Pub Schl 96 - Arnhold Dance Program,New Visions 10 - School Awards,,,TL ELL/Special Needs Partner Arts Project PS
,,Title I Enhanced - Ext SCEP,,,,,Rollover Private PTA Grant 10,Funds Pub Schl 360 - Arts Education - PS 721K,New Visions 06 - NSI Grant Awards,,,TL Gifted and Talented
,,Rollover TI SIG Cohort 6 Year 5 (25Q460),,,,,Rollover Private PTA Grant 02 (81202),Funds Pub Schl 350 - PS 373K - OTPS,New Visions 19 - NSI Gates Work BX,,,TL Long Term Absence
,,TI SIG Cohort 6 Year 5 (25Q460),,,,,Rollover Private PTA Grant 06 (71206),Funds Pub Schl 51-Walentas Neighborhood Schl Grnt,New Visions 18 - New Visions Curriculum PD,,,TL O to Q Grievance
,,TI SIG Cohort 6 Year 4 (25Q460),,,,,Rollover Private PTA Grant 04 (01204),Funds Pub Schl 45 - Walentas Neighborhood Grant,New Visions 05 -Pub Scl Award var schls D9 10 11,,,CDC Comprehensive HIV Prevention 38507
,,TI SIG Cohort 6 Yr 3 25Q460,,,,,Rollover Private Grant 34,Funds Pub Schl 46 - Big Apple Awards,New Visions 19 - Award for 07X548 08X405 11X290,,,TL Attendance Shared
,,Title I NYSIP PLC Grant FY21 - District 24,,,,,Rollover Private Grant 41,Funds Pub Schl 351 - PS K036 - Science,New Visions 11 - School Library Collections,,,TL CFES RIS Return from Leave
,,Title I Enhanced - DRP,,,,,Rollover Private Grant 06 (11206),Funds Pub Schl 10 - PS K549 - Music,Rollover New Visions 31- Pub Sch Awrd for 10X477,,,TL SE Specialized Program ACES
,,ROLLOVER Title I NYSIP PLC Grant - District 24,,,,,Private PTA Grant 18,Funds Pub Schl 370 - PSK549 - Music,New Visions 07 - Hecksher Foundation,,,TL Itinerant Staff Shared
,,TI SIG Cohort 5 Year 5 (23K668),,,,,Private PTA Grant 20,Funds Pub Schl 12 - Clinical Teacher Prep,New Visions 03 - School Awards,,,TL 12-Month AP
,,TI SIG Cohort5 Year4 (23K668),,,,,Private PTA Grant 14,Funds Pub Schl 52 - Arnhold Dance Program,New Visions 05 - Drive Write Post-Assess Grading,,,TL Summer Rising OCS
,,Rollover TI SIG Cohort 7 YR5 (23K664),,,,,Private PTA Grant 28,Funds Pub Schl 81,New Visions 22 - NVs - PS09X252 and 10X353,,,TL Bridging the Gap
,,TI SIG Cohort 7 YR5 (23K664),,,,,Private PTA Grant 24,Funds Pub Schl 304 - SB Unrestricted,New Visions 10 - 10X353/10X243,,,TL ELL Initiative College Ready
,,TI SIG Cohort 7 YR4 (23K664),,,,,Rollover Private PTA Grant 13 (01213),Funds Pub Schl 52,New Visions 18 -Pub Scl Award 09X252 and 10X353,,,FY23 Grant in Aid Assembly (38670)
,,TI SIG Cohort 7 Year 3 (23K664),,,,,Rollover Private PTA Grant 10 (11210),Funds Pub Schl 378 - Music Fellows,New Visions 08 - School Awards,,,TL Permanent Placement 2020
,,TI SIG Cohort 7 Yr 2 23K664,,,,,Rollover Private PTA Grant 04 (11204),Funds Pub Schl 68 - Curtis HS - Roundabout,New Visions 25 - New Visions For Various Schools,,,Magnet School 02
,,Rollover TI SIG 90 NYSIP PLC D20,,,,,Rollover Private PTA Grant 16,Funds Pub Schl 05 - NYC Mentoring,Rollover New Visions 02 - Hayden Foundation (91302,,,TL Robin Hood Libraries
,,Title I TA Summer in the City,,,,,Rollover Private Grant 37,Funds Pub Schl 19,Rollover New Visions 02 - Hayden Foundation,,,AIDP STH School and Site Based Shared
,,Rollover TI SIG Cohort 7 Year 5 (19K678),,,,,Rollover Private PTA Grant 22 (01222),Funds Pub Schl 78 - NYC Mentoring Program,Rollover New Visions 07 - Hecksher Foundation,,,TL Parent and Arts Partner Program OTPS
,,TI SIG Cohort 7 Year 5 (19K678),,,,,Rollover Private PTA Grant 31 (01231),Funds Pub Schl 56 - PS445R,New Visions 05 - Charles Hayden Foundation,,,TL Parent and Arts Partner Program PS
,,TI SIG Cohort 7 YR4 (19K678 and 19KS19),,,,,Rollover Private PTA Grant 15 (91215),Funds Pub Schl 386 - PS 440R - Per Session,New Visions 08 - Westchester Commun Foundation,,,TL School Operational Support
,,TI SIG Cohort 7 Year 3 (19K678 KS19),,,,,Rollover Private PTA Grant 18 (01218),Funds Pub Schl 394 - NSI,New Visions 05 - NVs FOR ES and LE Summer Prof Dev,,,Perkins V
,,TI SIG Cohort 7 Year 3 (19K678),,,,,Rollover Private PTA Grant 26 (91226),Funds Pub Schl 08 - NSI - Gates,New Visions 04 - Pub Scl Award 08X377 09X252,,,TL CTE Programs HS
,,TI SIG Cohort 7 Yr 2 19K678,,,,,Private PTA Grant 22,Funds Pub Schl 73 - PSR440-After School Field Trip,New Visions 30 - Public Schools Award,,,TL CTE WBL HS
,,"TI SIG Cohort 4 Yr 5 Turnaround (19K661, 19K662)",,,,,Rollover Private PTA Grant 14 (91214),Funds Pub Schl 378 - PS R440 - Saturday Academy,New Visions 15 - New Visions for Public Schools,,,TL ELL/Special Needs Partner Arts Project PS HS
,,"Rollover TI SIG Coh4 Yr5 Turnaround 19(K661, K662)",,,,,Rollover Private PTA Grant 22 (81222),Funds Pub Schl 82,New Visions 03 - 02M546.06M346,,,TL Summer Rising Discovery
,,Rollover TI SIG Cohort 4 Yr 5 Transform (19K659),,,,,Rollover Private Grant 50 (72950),Funds Pub Schl 35 - Trauma Informed Care,New Visions 08 - Gates NSI Grants,,,TL World Language Testing
,,TI SIG Cohort 4 Yr 5 Transformation (19K659),,,,,Rollover Private PTA Grant 22 (61222),Funds Pub Schl 59,New Visions 12 - New Visions for 06M346,,,OASAS Legislative Initiative
,,TI SIG Cohort 5 Year 5 (19K510),,,,,Rollover Private PTA Grant 10 (91210),Funds Pub Schl 376 - PS 57R OTPS,New Visions 21 - Public School Libraray-Manhattan,,,TL Social Worker Support High Need
,,TI SIG Cohort5 Year4 (19K510),,,,,Rollover Private PTA Grant 11 (01211),Funds Pub Schl 86 - PSR026 - Equipment,New Visions 13 - NSI Gates - M546 M680 M346,,,TL SVA HS
,,TI SIG Cohort 5 Year 5 (19K328),,,,,Rollover Private PTA Grant 04 (71204),Funds Pub Schl 308 - Better.com,New Visions 13 - New Visions for Public Schools,,,TL One-Time Allocations HS
,,TI SIG Cohort5 Year4 (19K328),,,,,Rollover Private PTA Grant 09 (11209),Funds Pub Schl 374 - Better Com. Schl Grant,New Visions 23 - Public School Library Instruction,,,TL Parent Coordinator HS - Flexible
,,Rollover TI SIG Cohort 7 YR5 (19K325 and 19KS19),,,,,Rollover Private PTA Grant 11 (91211),Funds Pub Schl 03 - Big Apple,New Visions 22 - PD Summber 2019,,,Foundation Grant 03
,,TI SIG Cohort 7 YR5 (19K325 and 19KS19),,,,,Rollover Private PTA Grant 20 (81220),Funds Pub Schl 41,New Visions 06 - School Awards,,,Rollover Foundation Grant 03
,,TI SIG Cohort 7 YR4 (19K325 and 19KS19),,,,,Private PTA Grant 23,Funds Pub Schl 90 - PSR002 - Equipment and Softwar,New Visions 07 - School Awards,,,ROTC 12
,,TI SIG Cohort 7 Year 3 (19K325),,,,,Rollover Private PTA Grant 25 (91225),Funds Pub Schl 80,New Visions 05-PS 03M485-New Visions For Publ Schl,,,TL High School Screened Arts Program
,,TI SIG Cohort 7 Yr 2 19K325,,,,,Private PTA Grant 16,Funds Pub Schl 80 - NSI Gates,New Visions 17 - 03M485-New Visions for Public Sch,,,TL HS Screened Arts Designation
,,TI SIG Cohort 7 YR5 (17K722 and 17KS17),,,,,Private PTA Grant 25,Funds Pub Schl 375 - PS 291Q OTPS,New Visions 29 - Teacher Costs Fall 2019 PD,,,TL ROTC
,,TI SIG Cohort 7 YR4 (17K722 and 17KS17),,,,,Rollover Private Grant 33 (82933),Funds Pub Schl 353 - PS Q291 - Debate,New Visions 14-New Visions for Public Schl 03M417,,,ROTC 13
,,TI SIG Cohort 7 Year 3 (17K722),,,,,Rollover Private Grant 33 (92933),Funds Pub Schl 44,New Visions 24 - Schl Lib Collection and Rel Actvt,,,Rollover CDC Comprehensive HIV Prevention 28507
,,TI SIG Cohort 7 Yr 2 17K722,,,,,Rollover Private Grant 43 (92943),Funds Pub Schl 08 - PS 286Q - OTPS,Rollover New Visions 24,,,Rollover State Misc 07-IB FEE Waiver Reimb IB Sch
,,Rollover TI SIG 76 Socioeconomic 16K455 17K590,,,,,Rollover Private PTA Grant 07,Funds Pub Schl 15 - NSI - Gates,Rollover New Visions 29,,,ROTC 14
,,TI SIG 76 Socioeconomic 16K455,,,,,Rollover Private PTA Grant 11 (51211),Funds Pub Schl 336 - INSI Gates,School District Merge (separate .,,,TL Justice Center Law Enforcement HS
,,"Rollover TI SIG 77 SocioEco17K528,543,13K419",,,,,Rollover Private PTA Grant 17 (01217),Funds Pub Schl 362 - Q258 PS and OTPS,,,,TL NYC Mentoring OTPS
,,TI SIG 77 Socioeconomic 17K528,,,,,Rollover Private PTA Grant 19 (81219),Funds Pub Schl 31,,,,TL NYC Mentoring PS
,,"Rollover TI SIG Coh4 Yr 5 Transform 17(K531,K533)",,,,,Private Grant 30 - UFT Sub Coverage for Paras,Funds Pub Schl 13 - PS Q258 - Summer Bridge,,,,TL Regents Distributed Scoring
,,TI SIG Cohort 4 Yr 5 Transformation 17K531(17K533),,,,,Rollover Private Grant 99 Energy Demand (02999),Funds Pub Schl 24 - PS Q258 - NG,,,,Self Sustaining 22
,,Rollover TI SIG Cohort 6 Year 5 (16K455),,,,,Rollover Private Grant 32 - UFT Sub Covrg for Para,Funds Pub Schl 24 - Energy Tech HS,,,,Self Sustaining 69
,,TI SIG Cohort 6 Year 5 (16K455),,,,,Rollover Private Grant 39 - SMILE GRANT,Funds Pub Schl 29 - Energy Tech HS,,,,TL One-Time Allocations
,,TI SIG Cohort 6 Year 4 (16K455),,,,,Private Grant 39 - SMiLE Grant,Funds Pub Schl 47,,,,Self Sustaining 44
,,TI SIG Cohort 6 Yr 3 16K455,,,,,Rollover Private Grant 36-Cntr for Art Educ Invtn,Funds Pub Schl 357 - Big Apple Awards,,,,Self Sustaining 26
,,Title I SWP Carry Over Post 630,,,,,Private Grant 36 - Cntr for Educ Innov-Arts Grant,Funds Pub Schl 11 -PS141Q - Per Session schl sup,,,,TL Guidance Support
,,Rollover Title I Correct 91(71691),,,,,Private Grant 50 - UFTTC City Council Grant,Funds Pub Schl 21 - PS 127Q Per Session Schl Supp,,,,Self Sustaining 64
,,Rollover TI SIG Cohort 4 Yr 5 Transform (14K071),,,,,Private Grant 99 Energy Demand (02999),Funds Pub Schl 373 - NSI Gates,,,,TL SE Specialized Program ICT Literacy
,,Rollover TI SIG Coh4Yr4 Transform(14K071),,,,,Private Grant 35 - NYC Kids Rise-Save College Prg,Funds Pub Schl 340 - Imagine Schools,,,,Self Sustaining 78
,,TI SIG Cohort 4 Yr 5 Transformation (14K071),,,,,Rollover Private Grant 35-NYC Kids Rise-Save-Collg,Funds Pub Schl 385 - PS 243Q - OTPS,,,,TL Broadway Junior Arts Supplement
,,Title I Reward Grant,,,,,Private Grant 35-NYC Kids Rise-Save for College Pr,Funds Pub Schl 79,,,,TL Broadway Junior Arts Supplement OTPS
,,"Rollover TI SIG 78 Socioeconomic 13K605,595,670",,,,,Private Grant 38 - D97 NYC Kids Rise,Funds Pub Schl 63 - Music Fellows Program,,,,Rollover Foundation Grant 01
,,TI SIG 78 Socioeconomic 13K605,,,,,Rollover Private Grant 35,Funds Pub Schl 86 - Music Fellows,,,,Self Sustaining 42
,,Rollover TI SIG Cohort 7 Year 5 (13K616),,,,,Rollover Private Grant 47,Funds Pub Schl 55,,,,Self Sustaining 73
,,TI SIG Cohort 7 Year 5 (13K616),,,,,Private Grant 67,Funds Pub Schl 363 - PS 687Q OTPS,,,,TL Vision and Hearing Coverage
,,TI SIG Cohort 7 YR5 (13K616),,,,,Private Grant 69-New Visions Science Teacher AB,Funds Pub Schl 13,,,,TL Temporary Shortfall Per Diem
,,TI SIG Cohort 7 YR4 (13K616),,,,,Private Grant 77,Funds Pub Schl 27,,,,Self Sustaining 29
,,TI SIG Cohort 7 Year 3 (13K616),,,,,Rollover Private Grant 30 (79230),Funds Pub Schl 356 - PS 620Q PS and OTPS,,,,TL Temporary Shortfall Per Session-OTPS
,,TI SIG Cohort 7 Yr 2 13K616,,,,,Private Grant 58,Funds Pub Schl 361 - PS 620Q Per Session and OTPS,,,,TL Temporary Shortfall Support Staff
,,TI SIG Cohort 7 Yr 2 13K616-S,,,,,Private Grant 50,Funds Pub Schl 63 - Imagine NYC,,,,21st Century 83
,,Rollover Title I Correct 91,,,,,Rollover Private Grant 55,Funds Pub Schl 23,,,,Self Sustaining 68
,,Rollover TI SIG Cohort 7 YR5 (13K351 and 13KS13),,,,,Rollover Private Grant 63,Funds Pub Schl 60 - PS 440Q - OTPS,,,,Self Sustaining 38
,,TI SIG Cohort 7 YR5 (13K351 and 13KS13),,,,,Private Grant 42,Funds Pub Schl 29 - PS217Q-OTPS and Per Session,,,,Self Sustaining 21
,,TI SIG Cohort 7 YR4 (13K351 and 13KS13),,,,,Private Grant 63,Funds Pub Schl 36,,,,Self Sustaining 80
,,TI SIG Cohort 7 Year 3 (13K351),,,,,Private Grant 45,Funds Pub Schl 345 - PS 8Q - Per Session,,,,Rollover OASAS Legislative Initiative
,,TI SIG Cohort 7 Yr 2 13K351,,,,,Private Grant 73-New Visions US Hist Curr Sum Inst,Funds Pub Schl 10,,,,Self Sustaining 72
,,Rollover TI SIG 79 Socioeconomic 13K113,,,,,Private Grant 74-New Visions Science Curr Sum Inst,Funds Pub Schl 50 - PS 306Q - OTPS,,,,Self Sustaining 74
,,TI SIG 79 Socioeconomic 13K113,,,,,Private Grant 84 - Global History Curric,Funds Pub Schl 07 - PS 226Q - OTPS,,,,Extended Learning Time SM41
,,Rollover TI SIG Cohort 7 Year 5 (12X480),,,,,Private Grant 87 - New Visions Pre-Assess Scoring,Funds Pub Schl 331 - Digital Promise,,,,Self Sustaining 13
,,TI SIG Cohort 7 YR5 (12X480),,,,,Rollover Private Grant 64,Funds Pub Schl 358 - Digital Promise - PS/OTPS,,,,Self Sustaining 23
,,TI SIG Cohort 7 YR4 (12X480),,,,,Rollover Private PTA Grant 23,Funds Pub Schl 20 - PS 137Q Per Session Schl Supp,,,,Self Sustaining 90
,,TI SIG Cohort 7 Year 3 (12X480),,,,,Rollover Private PTA Grant 07 (91207),Funds Pub Schl 50,,,,TL Itinerant Average Offset
,,TI SIG Cohort 7 Yr 2 12X480,,,,,Rollover Private Grant 40,Funds Pub Schl 42,,,,AIDP
,,Title I - Enhanced - ICC,,,,,Private Grant 47,Funds Pub Schl 333 - PS 216Q Per Session and OTPS,,,,Self Sustaining 67
,,Rollover TI SIG Cohort 4 Yr 5 Turnaround (12X314),,,,,Rollover Private PTA Grant 31,Funds Pub Schl 08,,,,Self Sustaining 24
,,Rollover TI SIG Coh4Yr4 Turn (12X314),,,,,Rollover Private PTA Grant 07 (61207),Funds Pub Schl 19 - PS 216Q Per Session Schl Supp,,,,Self Sustaining 41
,,TI SIG Cohort 4 Yr 5 Turnaround (12X314),,,,,Private Grant 54,Funds Pub Schl 70 - PSQ188 - Textbooks,,,,Self Sustaining 59
,,Rollover TI SIG Coh4Yr4 Transform(11X418),,,,,Rollover Private Grant 49,Funds Pub Schl 69 - PSQ172 - Supplies,,,,Rollover FY22 Grant in Aid Senate (28669)
,,TI SIG Cohort 4 Yr 5 Transformation (11X418),,,,,Private Grant 49,Funds Pub Schl 365 - PS 525Q OTPS,,,,Self Sustaining 18
,,TI SIG Cohort 5 Year 5 (11X370),,,,,Rollover Private Grant 68,Funds Pub Schl 94 - PS 525Q - CUNY,,,,Self Sustaining 98
,,TI SIG Cohort5 Year4 (11X370),,,,,Private Grant 56 - PlayOn Sports,Funds Pub Schl 66,,,,Self Sustaining 17
,,TI SIG Cohort 4 Yr 5 Turnaround (11X355),,,,,Rollover Private Grant 43,Funds Pub Schl 90 - PS 294Q Drama Program,,,,Self Sustaining 45
,,Rollover TI SIG Cohort 7 Year 5 (11X287),,,,,Private Grant 43,Funds Pub Schl 68 - PSQ214 - Music,,,,Self Sustaining 11
,,TI SIG Cohort 7 Year 5 (11X287),,,,,Private PTA Grant 17,Funds Pub Schl 381 - PS 185Q,,,,Self Sustaining 36
,,TI SIG Cohort 7 Year 4 (11X287),,,,,Private PTA Grant 19,Funds Pub Schl 369 - PS 185Q OTPS and Per Session,,,,Self Sustaining 39
,,TI SIG Cohort 7 Year 3 (11X287),,,,,Private Grant 46,Funds Pub Schl 67 - PS 169Q OTPS,,,,Self Sustaining 51
,,TI SIG Cohort 7 Yr 2 11X287,,,,,Private PTA Grant 15,Funds Pub Schl 385 - PS Q169 - Test Prep,,,,Self Sustaining 99
,,Rollover TI SIG Cohort 7 YR5 (11X253),,,,,Rollover Private Grant 59,Funds Pub Schl 75,,,,Self Sustaining 71
,,TI SIG Cohort 7 YR5 (11X253),,,,,Private Grant 33-Am Museum of Natural History,Funds Pub Schl 84,,,,Self Sustaining 65
,,TI SIG Cohort 7 YR4 (11X253),,,,,Private Grant 56,Funds Pub Schl 69 - PS 164Q OTPS,,,,Self Sustaining 94
,,TI SIG Cohort 7 Year 3 (11X253),,,,,Private Grant 53,Funds Pub Schl 40,,,,Self Sustaining 27
,,TI SIG Cohort 7 Yr 2 11X253,,,,,Rollover Private Grant 99 Energy Demand (92999),Funds Pub Schl 03,,,,Self Sustaining 48
,,Rollover TI SIG Coh4Yr4 Transform(10X440),,,,,Private PTA Grant 30,Funds Pub Schl 03 - PSQ164 - Gen Support,,,,Foundation Grant 01
,,TI SIG Cohort 4 Yr 5 Transformation (10X440),,,,,Private PTA Grant 01,Funds Pub Schl 17,,,,IC Rev DOHMH Dental 139032
,,Rollover TI SIG Cohort 6 Year 5 (10X438),,,,,Private PTA Grant 31,Funds Pub Schl 383 - Arts Education,,,,Self Sustaining 28
,,TI SIG Cohort 6 Year 5 (10X438),,,,,Rollover Private Grant 57,Funds Pub Schl 58,,,,Self Sustaining 33
,,TI SIG Cohort 6 Year 4 (10X438),,,,,Private Grant 70-New Visions US Hist Libr of Cong,Funds Pub Schl 386 - PS Q021 - General Support,,,,Self Sustaining 49
,,TI SIG Cohort 6 Yr 3 10X438,,,,,Private Grant 39 - D30 Save for College Program,Funds Pub Schl 334 - PS 610Q OTPS,,,,Self Sustaining 50
,,Rollover TI SIG Cohort 7 Year 5 (10X390),,,,,Private Grant 36 - D30 Save for College Program,Funds Pub Schl 368 - PS 610Q OTPS,,,,Self Sustaining 89
,,TI SIG Cohort 7 Year 5 (10X390),,,,,Private Grant 78,Funds Pub Schl 96 - PS Q610 - CTE,,,,Self Sustaining 34
,,TI SIG Cohort 7 Year 4 (10X390),,,,,Rollover Private PTA Grant 01,Funds Pub Schl 379 - PS 311Q OTPS,,,,Self Sustaining 54
,,TI SIG Cohort 7 Year 3 (10X390),,,,,Rollover Private PTA Grant 01 (71201),Funds Pub Schl 89 - PS 87Q - OTPS,,,,Self Sustaining 91
,,TI SIG Cohort 7 Yr 2 10X390,,,,,Rollover Private PTA Grant 02 (61202),Funds Pub Schl 361 - PS 13Q PS,,,,4K for All Family Worker
,,Rollover TI SIG Cohort 7 Year 5 (10X363),,,,,Private Grant 89 - New Visions Proj Science Teach,Funds Pub Schl 99 - PS 13Q - Computational Think,,,,Self Sustaining 30
,,TI SIG Cohort 7 Year 5 (10X363),,,,,Rollover Private Grant 60-Enrgy Dem (62960),Funds Pub Schl 07 - PS K671 - Humans of NY,,,,Self Sustaining 93
,,TI SIG Cohort 7 Year 4 (10X363),,,,,Rollover Private Grant 30 62930,Funds Pub Schl 08 - Humans of NY - Summer Stem,,,,Self Sustaining 57
,,Title I Enhanced - Intro to Restorative Schools,,,,,Rollover Private Grant 40 (62940),Funds Pub Schl 380 - Matisse School Grants,,,,Self Sustaining 70
,,TI SIG Cohort 4 Yr 5 Turnaround (09X350),,,,,Rollover Private PTA Grant 30,Funds Pub Schl 18 - Matisse School Grant,,,,TL COVID CFES Open School RIS
,,Rollover TI SIG 83 Socioeconomic 09X323,,,,,Private Grant 39 - CASA Per Session,Funds Pub Schl 71 - Matisse School Grants,,,,MBK FCEP Year 2 D30 State Misc 48
,,TI SIG 83 Socioeconomic 09X323,,,,,Rollover Private PTA Grant 02 (71202),Funds Pub Schl 77,,,,21st Century 82
,,Rollover TI SIG Cohort 6 Year 5 (09X313),,,,,Private Grant 72-New Visions Summer Workshops P D,Funds Pub Schl 35 - Here to Here - Schl Support,,,,TL CFES Open Schools RIS
,,TI SIG Cohort 6 Year 5 (09X313),,,,,Rollover Private PTA Grant 01 (91210),Funds Pub Schl 97 - Continuous Learning NSI,,,,TL YMI Men Teach
,,TI SIG Cohort 6 Year 4 (09X313),,,,,Rollover Private Grant 42,Funds Pub Schl 70 - PSK251 - Supplies,,,,TL After School Para
,,TI SIG Cohort 6 Yr 3 09X313,,,,,Rollover Private Grant 38,Funds Pub Schl 67 - PS222K - Gen Support,,,,Learning Technology Grant 38725 - D30
,,"Rollover TI SIG Coh4 Yr5 Turnaround D09(X294,X311)",,,,,Rollover Private Grant 30 (42930),Funds Pub Schl 28 - PS 203K - OTPS,,,,TL CFES RIS Rule 10
,,"Rollover TI SIG Coh4Yr4TurnD09(X294,X311)",,,,,Rollover Private Grant 76 - New Visions all Grants,Funds Pub Schl 386 - PS 203K - Supplies,,,,Rollover State Misc 48 - MBK FCEP D30
,,"TI SIG Cohort 4 Yr5 Turnaround D09(X294,X311)",,,,,Rollover Private Grant 40 (72940),Funds Pub Schl 99 - PS 203K - OTPS,,,,TL Safe & Supportive Opportunity
,,Rollover TI SIG 82 Socioeconomic 09X117,,,,,Private Grant 61,Funds Pub Schl 30 - Principal Pipeline,,,,Campus Magnet HS
,,TI SIG 82 Socioeconomic 09X117,,,,,Private Grant 83 - New Visions Multilingual,Funds Pub Schl 21 - PS K525 - Music,,,,TL Project Reset
,,Rollover TI SIG Cohort 7 YR5 (08X452),,,,,Rollover Private Grant 39,Funds Pub Schl 88,,,,21st Century 81
,,TI SIG Cohort 7 YR5 (08X452),,,,,Private Grant 75-New Visions ELA Curr Summer Inst,Funds Pub Schl 83,,,,Magnet School 03
,,TI SIG Cohort 7 YR4 (08X452),,,,,Rollover Private PTA Grant 03 (61203),Funds Pub Schl 370 - PS 329K - OTPS,,,,TL YMI Youth Program Services
,,TI SIG Cohort 7 Year 3 (08X452),,,,,Private Grant 90 - PROSE,Funds Pub Schl 352 - 329K Library Program,,,,OASAS County Initiative Prevention
,,TI SIG Cohort 7 Yr 2 08X452,,,,,Private Grant 81,Funds Pub Schl 01 - Continuous Learning,,,,ROTC 10
,,TI SIG Cohort 4 Yr 5 Transformation (08X424),,,,,Rollover Private Grant 67 (62967),Funds Pub Schl 66 - PS099K - Textbooks,,,,Rollover Magnet School 02
,,Rollover TI SIG Coh4 Yr 5 Transformation (08X107),,,,,Rollover Private Grant 35 (62935),Funds Pub Schl 316 - Continous Learning NSI,,,,TL Interim Excess Support Staff
,,Rollover TI SIG Coh4Yr4 Transf (08X107),,,,,Rollover Private Grant 43 (02943),Funds Pub Schl 48 - Com. Schls. - Operational Sup,,,,TL Guidance Support High Need
,,TI SIG Cohort 4 Yr 5 Transformation (08X107),,,,,Rollover Private Grant 45,Funds Pub Schl 85,,,,Rollover FY22 Grant in Aid Assembly (28670)
,,Rollover TI SIG Coh4 Yr 5 Transformation (07X600),,,,,Rollover Private Grant 44,New Visions 08-Pub Schl NSI Gates at 17K539.20K490,,,,TL Special Ed Non Public
,,Rollover TI SIG Coh4Yr4 Transform(07X600),,,,,Rollover Private Grant 34 (42934),Funds Pub Schl 352 - PS 485K - Per Session,,,,TL Interim Excess Paras
,,TI SIG Cohort 4 Yr 5 Transformation (07X600),,,,,Rollover Private Grant 43 (72943),Funds Pub Schl 351 - PS 185K - OTPS,,,,ROTC 11
,,Title I 1003A FY20,,,,,Rollover Private Grant 46 (72946),Funds Pub Schl 371 - PS 164K - PS and OTPS,,,,Rollover Smart Schools Bond Act FY21 (98220)
,,TI SIG Cohort 5 Year 5 (07X369),,,,,Rollover Private Grant 46 (82946),Funds Pub Schl 86 - PS 164K - OTPS,,,,TL NCSI After-School Tutoring
,,Title 1 Correct FY19,,,,,Rollover Private Grant 47 (82947),Funds Pub Schl 34 - PSK112 - Per Diem,,,,21st Century 80
,,TI SIG Cohort5 Year4 (07X369),,,,,Rollover Private Grant 30 (62930),Funds Pub Schl 360 - PSK102 - Supplies,,,,TL YMI Peer to Peer Mentoring
,,Rollover TI SIG Cohort 4 Yr 5 Turnaround (07X359),,,,,Rollover Private Grant 31 (62931),Funds Pub Schl 389 - PS 48K - Per Session,,,,TL Parent Coordinator HS - Contracted
,,Rollover TI SIG Coh4Yr4 Turn (07X359),,,,,Rollover Private Grant 32 (62932),Funds Pub Schl 387 - PS 30K - PS,,,,TL SE Specialized Programs Path
,,TI SIG Cohort 4 Yr 5 Turnaround (07X359),,,,,Rollover Private Grant 33 (62933),Funds Pub Schl 01 - PS 30K - Dual Language,,,,Magnet School 01
,,Rollover TI SIG Cohort 7 Year 5 (07X298),,,,,Rollover Private PTA Grant 03 (71203),Funds Pub Schl 48 - PSK030 - Dual Language,,,,TL Parent and Arts Partner Program OTPS HS
,,TI SIG Cohort 7 Year 5 (07X298),,,,,Rollover Private Grant 40 (52940),Funds Pub Schl 57,,,,TL Parent and Arts Partner Program PS HS
,,TI SIG Cohort 7 YR4 (07X298),,,,,Rollover Private Grant 46,Funds Pub Schl 57 - Dual Language,,,,Self Sustaining 25
,,TI SIG Cohort 7 Year 3 (07X298),,,,,Private Grant 88 - New Visions Instr Routine Video,Funds Pub Schl 15,,,,Self Sustaining 16
,,TI SIG Cohort 7 Yr 2 07X298,,,,,Rollover Private Grant 39 (72939),Funds Pub Schl 371 - PSK678 - Arts,,,,Self Sustaining 32
,,Rollover TI SIG Coh4Yr4 Transform(07X277),,,,,Rollover Private Grant 80-PROSE NEA,Funds Pub Schl 302 - PS K677,,,,Self Sustaining 14
,,TI SIG Cohort 4 Yr 5 Transformation (07X277),,,,,Private Grant 68-New Visions School Libraries,Funds Pub Schl 353 - PS 618K - OTPS,,,,OASAS C.O.S.A Drug Abuse Program
,,Rollover TI SIG Cohort 7 Year 5 (07X031),,,,,Private Grant 32-Am Museum of Natural History,Funds Pub Schl 07 - Equal Opportunity Schools,,,,OASAS Early Intervention Alcohol/Project
,,TI SIG Cohort 7 Year 5 (07X031),,,,,Private Grant 35-Am Museum of Natural History,Funds Pub Schl 90 - PS 618K - OTPS,,,,OASAS School Based Initiative
,,TI SIG Cohort 7 Year 4 (07X031),,,,,Rollover Private PTA Grant 03 (81203),Funds Pub Schl 51 - PS 618K - PSAL,,,,21st Century 79
,,TI SIG Cohort 7 Year 3 (07X031),,,,,Rollover Private Grant 60,Funds Pub Schl 52 - PS 618K - Sports Prog,,,,Self Sustaining 10
,,TI SIG Cohort 7 Yr 2 07X031,,,,,Private Grant 59,Funds Pub Schl 98 - PSK452,,,,TL Guidance Support High Need HS
,,Rollover TI SIG Cohort 7 Year 5 (07X029),,,,,Private Grant 60,Funds Pub Schl 56,,,,OASAS Student Assistance Pgm
,,TI SIG Cohort 7 Year 5 (07X029),,,,,Rollover Private Grant 34 (82934),Funds Pub Schl 310 - High Qlty/Clinical Teach Prep,,,,OASAS Student Assistance Pgm (City Council)
,,TI SIG Cohort 7 Year 4 (07X029),,,,,Rollover Private Grant 39 (82939),Funds Pub Schl 35 - New Visions - Queens College,,,,21st Century 78
,,TI SIG Cohort 7 Year 3 (07X029),,,,,Private Grant 79,Funds Pub Schl 33 - PS 364K - Per Session,,,,TL Single Shepherd Counseling Services
,,TI SIG Cohort 7 Year 3 FS81 (07X029),,,,,Rollover Private Grant 38 (02938),Funds Pub Schl 351 - Teach Trng IP3,,,,TL Single Shepherd SW
,,TI SIG Cohort 7 Yr 2 07X029,,,,,Rollover Private Grant 44 (192944),Funds Pub Schl 07,,,,TL YMI Young Women Empowerment HS
,,Title I SWP Parent and Family Engagement Post 630,,,,,Private Grant 30-Am Museum of Natural History,Funds Pub Schl 89,,,,21st Century 77
,,Rollover TI SIG Cohort 4 Yr 5 Transform (05M123),,,,,Rollover Private PTA Grant 07 (71207),Funds Pub Schl 68 - Victor Victor Foundation,,,,TL CFES RIS Return from Reassignment
,,Rollover TI SIG Coh4Yr4 Transform(05M123),,,,,Rollover Private Grant 60-Engy Dem 62960,Funds Pub Schl 47 - PS135K,,,,OASAS Easy Does It
,,TI SIG Cohort 4 Yr 5 Transformation (05M123),,,,,Rollover Private PTA Grant 10 (61210),Funds Pub Schl 49 - PSK135 - Library Support,,,,TL Council for Unity
,,Rollover TI SIG Cohort 4 Yr 5 Transform (04M680),,,,,Rollover Private Grant 43 (192943),Funds Pub Schl 50 - PS135K,,,,TL Audition Testing
,,Rollover TI SIG Coh4Yr4 Transform(04M680),,,,,Private Grant 40 - Exploring Futures Program,Funds Pub Schl 76,,,,Rollover FY20 Grant in Aid Assembly (08670)
,,TI SIG Cohort 4 Yr 5 Transformation (04M680),,,,,Rollover Private Grant 91 (82991) Urban Assmbl,Funds Pub Schl 91 - PS 770K - OTPS,,,,OASAS The Gateway Drug Program
,,Rollover TI SIG 81 Socioeconomic 03M860,,,,,Rollover Private Grant 37 (72937),Funds Pub Schl 393 - PSK546 - Youth Farm,,,,21st Century 76
,,TI SIG 81 Socioeconomic 03M860,,,,,Rollover Private Grant 58,Funds Pub Schl 57 - PS 17K537 - College Readiness,,,,TL ASA for AA
,,TI SIG Cohort 5 Year 5 (02M139),,,,,Rollover Private Grant 91 - Urban Assmbl One-Time,Funds Pub Schl 87 - PS 537K - Food Club,,,,21st Century 75
,,TI SIG Cohort5 Year4 02(M139),,,,,Private Grant 92 - New Vis Instr Routine Video Rd2,Funds Pub Schl 09 - PS308K - Music,,,,Misc Fed 33 SAMSHA GRANT
,,TI SIG Cohort 5 Year 5 (01M292),,,,,Rollover Private Grant 36 (72936),Funds Pub Schl 342 - PS 57K - OTPS,,,,Rollover Misc Fed 33-SAMSHA 16K688
,,TI SIG Cohort5 Year4 01M292,,,,,Rollover Private Grant 39 (62939),Funds Pub Schl 352 - PS 57K - OTPS,,,,TL OTPS New Schools
,,Rollover TI SIG 80 Socioeconomic 01M015,,,,,Private Grant 33-New Teacher Center-Trained Mentor,Funds Pub Schl 389 - PS 57K,,,,21st Century 74
,,TI SIG 80 Socioeconomic 01M015,,,,,Private Grant 76,Funds Pub Schl 44 - Performing Arts - Arts,,,,TL Guidance Support HS
,,Title I 1003A FY22,,,,,Rollover Private Grant 30 (92930),Funds Pub Schl 45 - Performing Arts - Drama,,,,Self Sustaining 20
,,Rollover TI SIG Cohort 6 Year 5 (07X584),,,,,Private Grant 71-New Visions Campus Librarian PD,Funds Pub Schl 14 - Computational Thinking,,,,TL Continuous Improvement
,,Title I 1003A FY21,,,,,Rollover Private Grant 50 (52950),Funds Pub Schl 20 - Computational Thinking,,,,TL SE Specialized Program ACCESS
,,TI SIG Cohort 6 Year 5 (07X584),,,,,Rollover Private PTA Grant 07 (51207),Funds Pub Schl 64,,,,21st Century 73
,,TI SIG Cohort 6 Year 4 (07X584),,,,,Rollover Private PTA Grant 11 (71211),Funds Pub Schl 20,,,,Rollover State Misc 06-Early Collage HS Smart Schl
,,TI SIG Cohort 6 Yr 3 07X584 (07X162),,,,,Rollover Private Grant 38 (62938),Funds Pub Schl 65 - PS442K - Arts,,,,State Misc 07 - IB Fee Waiver - 14K449
,,Title I Correct 91,,,,,Rollover Private PTA Grant 01 (61201),Funds Pub Schl 309 - Walentas,,,,Magnet School 04
,,,,,,,Rollover Private PTA Grant 11 (61211),Funds Pub Schl 388 - PS 261K - PS/OTPS,,,,Rollover Magnet School 04
,,,,,,,Rollover Private PTA Grant 08 (11208),Funds Pub Schl 80 - PS 261K - Dual Language,,,,TL CFES RIS Itinerant Host Schools
,,,,,,,Rollover Private PTA Grant 10 (71210),Funds Pub Schl 77 - PS 15K261 - Dual Language,,,,21st Century 72
,,,,,,,Rollover Private Grant 31 (92931),Funds Pub Schl 43 - PS261-Arabic Mentoring,,,,21st Century 71
,,,,,,,Rollover Private PTA Grant 18 (61218),Funds Pub Schl 11 - PS 130K,,,,Foundation Grant 02
,,,,,,,Rollover Private PTA Grant 05 (71205),Funds Pub Schl 06 - District 15 - Amazon,,,,Rollover Magnet School 03
,,,,,,,Rollover Private Grant 34 (72934),Funds Pub Schl 18 - PS 94K - OTPS,,,,State Misc 70 - NYS Assembly Grant Aid (Bullet)
,,,,,,,Rollover Private PTA Grant 09 (71209),Funds Pub Schl 373 - PS K058 - Books,,,,21st Century 70
,,,,,,,Rollover Private PTA Grant 05 (51205),Funds Pub Schl 04,,,,State Misc 07 - IB Exam Payment
,,,,,,,Rollover Private PTA Grant 08 (41208),Funds Pub Schl 32,,,,21st Century 69
,,,,,,,Rollover Private PTA Grant 09 (91209),Funds Pub Schl 332 - PS 15K OTPS,,,,Misc Fed 22 - US EPA via Manhattan College
,,,,,,,Rollover Private PTA Grant 14 (51214),Funds Pub Schl 372 - PS 15K,,,,Learning Technology Grant 38723 - D10
,,,,,,,Rollover Private PTA Grant 15 (61215),Funds Pub Schl 33 - PS 15K015 - Equipment,,,,21st Century 68
,,,,,,,Rollover Private PTA Grant 04 (61204),Funds Pub Schl 58 - PS 15K015 - ACES - ICT,,,,21st Century 67
,,,,,,,Invalid Private PTA Grant 01,Funds Pub Schl 39 - Project ACES-ICT,,,,State Misc 722 - CSD 8 Learning Technology Grant
,,,,,,,Rollover Private PTA Grant 08 (61208),Funds Pub Schl 346 - PS 10K - OTPS,,,,TL CC Member Item Prior Year
,,,,,,,Rollover Private PTA Grant 09 (41209),Funds Pub Schl 37,,,,Learning Technology Grant 38721 - D7
,,,,,,,Rollover Private PTA Grant 09 (51209),Funds Pub Schl 362 - PSK614 - Music,,,,21st Century 66
,,,,,,,Rollover Private Grant 38 (92938),Funds Pub Schl 11 - Walentas,,,,21st Century 65
,,,,,,,Rollover Private Grant 42 (92942),Funds Pub Schl 64 - PS250K - Gen Support,,,,Rollover Magnet School 01
,,,,,,,Rollover Private Grant 65 (82965),Funds Pub Schl 384 - PS K147 - Japanese Program,,,,TL Parent Coordinator - Contracted
,,,,,,,Rollover Private Grant 30 (82930),Funds Pub Schl 14 - PS132K - PS,,,,21st Century 64
,,,,,,,Rollover Private Grant 65,Funds Pub Schl 383 - PS 34K - PS,,,,21st Century 63
,,,,,,,Rollover Private PTA Grant 06 (51206),Funds Pub Schl 73 - Walentas,,,,TL Temporary Shortfall IEP Para
,,,,,,,Rollover Private PTA Grant 01 (41201),Funds Pub Schl 347- Gates COVID Strategic Planning,,,,21st Century 62
,,,,,,,Private Grant 80-New Visions US Hist TAB,Funds Pub Schl 29 - PS K430 - STEM,,,,TL Part Time Inclusion
,,,,,,,Private Grant 57,Funds Pub Schl 30 - PS K430 - Weston,,,,21st Century 61
,,,,,,,Private Grant 38-Bronx DOE Eskolta Network School,Funds Pub Schl 33 - Bklyn Tech HS-BTAF,,,,ROTC 16
,,,,,,,Private Grant 50-Impct Eval Acdmc Lang Intrvn Trn,Funds Pub Schl 74 - PSK430 - STEM Pipeline,,,,ROTC 15
,,,,,,,Rollover Private Grant 66-Hayden (69902),Funds Pub Schl 369 - PS 307K - OTPS,,,,TL Instructional Programs
,,,,,,,Private Grant 86,Funds Pub Schl 372 - PS307K - PS,,,,Rollover Foundation Grant 02
,,,,,,,Private Grant 30 - Global Writes Award,Funds Pub Schl 392 - PS and OTPS,,,,TL Instructional Programs HS
,,,,,,,Rollover Private Grant 82-Heckshet (82982),Funds Pub Schl 35 - PS K307 - STEM Program,,,,21st Century 60
,,,,,,,Rollover Private Grant 85-PDT (82985),Funds Pub Schl 41 - PSK307 - OTPS,,,,TL OTPS New Schools HS
,,,,,,,Private Grant 82,Funds Pub Schl 10 - PSK307,,,,TL Champs CW
,,,,,,,Private Grant 85,Funds Pub Schl 352 - PS K307 - Student Enrichment,,,,TL Civics for All CW
,,,,,,,Private Grant 65,Funds Pub Schl 377 - PS K307 - STEM,,,,TL E&E College Access 4 All CW
,,,,,,,Rollover Private Grant 36 (82936),Funds Pub Schl 26,,,,TL ELL/Special Needs Partner Arts Project OTPS CW
,,,,,,,Rollover Private Grant 56 - PlayOn Sport (92956),Funds Pub Schl 34,,,,TL Instructional Programs Supplemental CW
,,,,,,,Rollover Private Grant 38 (72938),Funds Pub Schl 69,,,,TL Situation Room CW
,,,,,,,Rollover Private Grant 32 (82932),Funds Pub Schl 11,,,,TL Arts Studio CW
,,,,,,,Rollover Private Grant 76,Funds Pub Schl 63 - PS046K - Per Session,,,,TL Implicit Bias Awareness CW
,,,,,,,Rollover Private Grant 36 (02936),Funds Pub Schl 72 - PSK008 - OTPS,,,,TL Implicit Bias CCER CW
,,,,,,,Rollover Private Grant 63 (72963),Funds Pub Schl 359 - PS X318 - Matisse,,,,TL Periodic Assessment CW
,,,,,,,Rollover Private Grant 32 (72932),Funds Pub Schl 399 - PS 251X - OTPS,,,,TL School COVID Planning Supplement CW
,,,,,,,Rollover Private Grant 54,Funds Pub Schl 363 - PSX190 - Art,,,,TSL Grant
,,,,,,,Rollover Private Grant 51,Funds Pub Schl 394 - PS 98X OTPS and Per Session,,,,TSL Grant Bronx Plan Staff Increments
,,,,,,,Rollover Private Grant 52,Funds Pub Schl 53 - PS98X,,,,Rollover TSL Grant
,,,,,,,Rollover Private Grant 53,Funds Pub Schl 76 - PS 529X - Art/Science,,,,TL Bronx Plan Staff Increment CW
,,,,,,,Rollover Private Grant 37 (62937),Funds Pub Schl 97 - Big Apple Rewards,,,,TL Deferred Program Planning Initiative CW
,,,,,,,Rollover Private Grant 45 (62945),Funds Pub Schl 61 - PS 87X - Dual Language,,,,VATEA CW
,,,,,,,Private PTA Grant 21,Funds Pub Schl 378 - PS 76X OTPS,,,,IC Rev DOHMH Wellness Programs 99024
,,,,,,,Rollover Private PTA Grant 19 (61219),Funds Pub Schl 95 - PS 41X - ParentCorps,,,,Rollover Misc Fed 27 Promise 58527
,,,,,,,Rollover Private Grant 42 (62942),Funds Pub Schl 89 - PSX041 - FAM ENGGMNT,,,,Rollover Teacher School Leader Grant
,,,,,,,Rollover Private Grant 44 (02944),Funds Pub Schl 306 - PS 565X - OTPS,,,,TL CB Per Session Per Diem Prep CW
,,,,,,,Rollover Private Grant 45 (02945),Funds Pub Schl 33,,,,TL CB SE School Staff CW
,,,,,,,Rollover Private Grant 46 (02946),Funds Pub Schl 49 - PS 439X - per session,,,,TL Vision for School Improvement CW
,,,,,,,Rollover Private Grant 41 (62941),Funds Pub Schl 05 - PS X439 - College Prep,,,,IC REV DOHMH Wellness Programs 89024
,,,,,,,Rollover Private Grant 51 (72951),Funds Pub Schl 381 - PS X439 - After School,,,,TL Support Services CW
,,,,,,,Rollover Private Grant 53 (72953),Funds Pub Schl 305 - PS 368X - PS/OTPS,,,,TL HEW School Wellness Council CW
,,,,,,,Rollover Private PTA Grant 14 (71214),Funds Pub Schl 31 - PS 368X - OTPS,,,,TL Wellness Support CW
,,,,,,,Rollover Private PTA Grant 17 (81217),Funds Pub Schl 377 - PS 368X OTPS,,,,TL E&E MS College Access CW OTPS
,,,,,,,Rollover Private PTA Grant 13 (61213),Funds Pub Schl 397 - PS 368X - OTPS/PER SESSION,,,,TL E&E MS College Access CW PS
,,,,,,,Rollover Private PTA Grant 16 (61216),Funds Pub Schl 359 - PS 368X - School Enrichment,,,,TL MS Task Force
,,,,,,,Rollover Private Grant 34 (62934),Funds Pub Schl 350 - In-Tech Academy,,,,TL Core Curriculum Support CW
,,,,,,,Rollover Private Grant 58 (82958),Funds Pub Schl 382 - PS X368 - College Readiness,,,,TL Specialized Equipment CW
,,,,,,,Rollover Private Grant 37 (02937),Funds Pub Schl 364 - PS 284X Per Session,,,,TL E&E District Charter Collaborative
,,,,,,,Rollover Private Grant 41 (72941),Funds Pub Schl 62 - PS 226X - Music,,,,TL TLP Teacher Development CW
,,,,,,,Rollover Private Grant 31 (82931),Funds Pub Schl 367 - PSX225 - PD,,,,ROLLOVER Pr Grn 36 -Cntr for Educ Innov Arts 02936
,,,,,,,Rollover Private Grant 40 (92940),Funds Pub Schl - 382 - PS 86X - OTPS,,,,TL CB School Staff PK CW
,,,,,,,Rollover Private Grant 41 (92941),Funds Pub Schl 77 - PS 86X - OTPS,,,,TL Bridging the Gap CW
,,,,,,,Rollover Private PTA Grant 12 (01212),Funds Pub Schl 78 - PS 86X - per session,,,,TL School Incentive CW 2021C1
,,,,,,,Rollover Private PTA Grant 21,Funds Pub Schl 26 - PS X086 - Tech,,,,TL E&E MS College Access CW
,,,,,,,Rollover Private PTA Grant 20,Funds Pub Schl 39 - PS 86X Computational Thinking,,,,TL ELL Initiative CW
,,,,,,,Rollover Private PTA Grant 11 (81211),Funds Pub Schl 95 - Computational Thinking,,,,TL LEAP CW
,,,,,,,Rollover Private PTA Grant 12 (91212),Funds Pub Schl 94 - PS 85X - OTPS,,,,TL Salary Subsidy 2018 CW
,,,,,,,Rollover Private Grant 41 (02941),Funds Pub Schl 361 - PSX024 - General Support,,,,Rollover FG02 Brown Rudnick Foundation 19902
,,,,,,,Rollover Private Grant 49 (02949),Funds Pub Schl 61 - PS024X - Supplies,,,,ROLLOVER Pr Grnt 36 -Cntr for Educ Innova Arts Grn
,,,,,,,Rollover Private Grant 48,Funds Pub Schl 368 - PS 454X OTPS,,,,TL COVID OTPS D97 UA 422
,,,,,,,Rollover Private PTA Grant 06 (41206),Funds Pub Schl 354 - PS 454X - OTPS,,,,TL Wellness Programs CW
,,,,,,,Rollover Private Grant 50-Eval Language Intrvntn,Funds Pub Schl 47 - PS 449X,,,,Rollover Misc Fed 27 - Promise Grant (58527)
,,,,,,,Rollover Private Grant 35 (72935),FUNDS PUB SCHL 54,,,,TL Professional Development CW
,,,,,,,Rollover Private PTA Grant 12 (61212),Funds Pub Schl 60 - PS297X - OTPS,,,,Rollover SLP Leg Grant 05 62305
,,,,,,,Rollover Private Grant 47 (92947),Funds Pub Schl 304 - PS 260X - Per Session,,,,PLANYC DCAS DOE Energy Challenge School Awards
,,,,,,,Rollover Private Grant 66,Funds Pub Schl 05 - PS 260X Summerbridge,,,,FY17 NYS Senate Grant-in-Aid (88669)
,,,,,,,Rollover Private Grant 74,Funds Pub Schl 12 - PS X260 - After School,,,,TL OTPS for PSAL CW
,,,,,,,Rollover Private PTA Grant 28 (01228),Funds Pub Schl 19 - PS X260 - After School Program,,,,TL School Incentive CW 2019C3
,,,,,,,Rollover Private PTA Grant 15 (01215),Funds Pub Schl 365 - PSX260 - New Visions,,,,FY20 Grant in Aid Assembly (08670)
,,,,,,,Rollover Private PTA Grant 18 (91218),Funds Pub Schl 43 - PS 252X - OTPS/Per Session,,,,FY19 Grant in Aid Assembly (98670)
,,,,,,,Rollover Private PTA Grant 33,Funds Pub Schl 395 - PS 250X,,,,TL Imagine Schools CW
,,,,,,,Private PTA Grant 29,Funds Pub Schl 76 - PS 250X - OTPS and per session,,,,TL Imagine Schools CW Per Session
,,,,,,,Rollover Private PTA Grant 27,Funds Pub Schl 98 - PS 250X - After School,,,,TL New School Planning CW
,,,,,,,Private PTA Grant 27,Funds Pub Schl 369-PSX250-After School Enrichment,,,,CDC Comprehensive HIV Prevention 18507
,,,,,,,Rollover Private Grant 45 (92945),Funds Pub Schl 49,,,,Rollover Foundation Grant 01 - D97 Fidelity
,,,,,,,Rollover Private PTA Grant 26,Funds Pub Schl 314 - Inclusion Pilot,,,,Rollover Foundation Grant 02 - D97 Pelican
,,,,,,,Rollover Private Grant 61,Funds Pub Schl 60 - PS 35X - Equipment,,,,Foundation Grant 06
,,,,,,,Rollover Private PTA Grant 14 (01214),Funds Pub Schl 35,,,,TL Safe School
,,,,,,,Rollover Private PTA Grant 24 (71224),Funds Pub Schl 14,,,,State Misc 02
,,,,,,,Rollover Private PTA Grant 32,Funds Pub Schl 14 - PS 08X119,,,,TL New Principal Support CW
,,,,,,,Rollover Private PTA Grant 24,Funds Pub Schl 61,,,,State Misc 04
,,,,,,,Rollover Private Grant 54 (52954),Funds Pub Schl 72 - PS 71X OTPS,,,,TL Time and Attendance CW
,,,,,,,Rollover Private PTA Grant 14 (81214),Funds Pub Schl 12 - PS 551X - OTPS,,,,Rollover Foundation Grant 04
,,,,,,,Rollover Private PTA Grant 17 (91217),Funds Pub Schl 39,,,,TL Summer in the City Shared CW
,,,,,,,Rollover Private PTA Grant 25,Funds Pub Schl 327 - PS 369X Per Session and OTPS,,,,TL Salary Subsidy 2019 CW
,,,,,,,Rollover Private PTA Grant 17,Funds Pub Schl 329 - PS 369X OTPS,,,,Rollover Smart Schools Bond Classrm Tech D97 98220
,,,,,,,Rollover Private PTA Grant 21 (91221),Funds Pub Schl 87 - PS 369X After-School,,,,TL Teacher Career Pathway - Subsidy Allocation CW
,,,,,,,Rollover Private PTA Grant 24 (81224),Funds Pub Schl 38 - 359X OTPS,,,,Smart Schools Bond Act Classroom Tech (D97)
,,,,,,,Rollover Private Grant 50 (92950),Funds Pub Schl 21,,,,TL Virtual Content Specialist CW
,,,,,,,Private Grant 91 - Urban Assembly One-Time,Funds Pub Schl 09,,,,TL School Incentive CW 2019C2
,,,,,,,Rollover Private PTA Grant 21 (81221),Funds Pub Schl 305 - United Way NY - School Grant,,,,TL Lead Coach Teacher CW
,,,,,,,Rollover Private PTA Grant 23 (71223),Funds Pub Schl 370 - PS 179X OTPS and Per Session,,,,Health Education Focus CDC 88506
,,,,,,,Rollover Private Grant 50,Funds Pub Schl 83 - PS 179X - Literacy,,,,TL Continuous Improvement CW
,,,,,,,Rollover Private Grant 69,Funds Pub Schl 303 - PS 49X - PS/OTPS,,,,TL Strong Schools Strong Communities CW
,,,,,,,Rollover Private Grant 59 (72959),Funds Pub Schl 91 - Literacy Program per session,,,,TL Talented and Gifted
,,,,,,,Rollover Private PTA Grant 19,Funds Pub Schl 354 - PS 30X PS and OTPS,,,,FY19 NYS Senate Grant-in-Aid (98669)
,,,,,,,Rollover Private PTA Grant 13 (81213),Funds Pub Schl 307,,,,Rollover Smart Schools Bond Act
,,,,,,,Rollover Private PTA Grant 08 (71208),Funds Pub Schl 398 - P467M - Per session and OTPS,,,,TL COVID Register Relief HS
,,,,,,,Rollover Private PTA Grant 27 (61227),Funds Pub Schl 76 - PSM463,,,,TL E&E College Access 4 All HS
,,,,,,,Rollover Private PTA Grant 08 (01208),Funds Pub Schl 81 - STEM Equity,,,,TL Covid MY Register Loss Restoration HS
,,,,,,,Rollover Private PTA Grant 22,Funds Pub Schl 25 - PS 348M (WHEELS),,,,TL Implicit Bias Awareness
,,,,,,,Rollover Private PTA Grant 08 (91208),Funds Pub Schl 48,,,,TL Periodic Assessment
,,,,,,,Rollover Private PTA Grant 17 (71217),Funds Pub Schl 75 - PS 209M - OTPS,,,,TL School COVID Planning Supplement
,,,,,,,Rollover Private PTA Grant 32 (61232),Funds Pub Schl 353 - PS 209M Art Program,,,,TL School Incentive 2021C1
,,,,,,,Rollover Private PTA Grant 26 (81226),Funds Pub Schl 34 - PS 192M - OTPS,,,,TL OTPS for PSAL HS
,,,,,,,Rollover Private PTA Grant 30 (71230),Funds Pub Schl 379 - PS 187M - OTPS,,,,TL Summer in the City Shared
,,,,,,,Private PTA Grant 26,Funds Pub Schl 72 - PSM187 - Art Enrichment,,,,TL Summer in the City STEM
,,,,,,,Rollover Private PTA Grant 06 (81206),Funds Pub Schl 73 - PS M187 After School,,,,TL Summer in the City Support Shared
,,,,,,,Rollover Private PTA Grant 02 (51202),Funds Pub Schl 01,,,,TL Blueprint Assistance HS
,,,,,,,Private PTA Grant 32,Funds Pub Schl 16 - STAR-AR Program - Carmel Hill,,,,TL CB Per Session Per Diem Prep
,,,,,,,Rollover Private PTA Grant 18 (41218),Funds Pub Schl 365 - PS 52M - Levy Libraries,,,,TL Deferred Program Planning Initiative HS
,,,,,,,Private Grant 64,Funds Pub Schl 71 - PS 52M - OTPS,,,,TL GE CB School Staff
,,,,,,,Rollover Private Grant 54 (82954),Funds Pub Schl 54 - PSM052 - Library Programming,,,,TL SE CB School Staff
,,,,,,,Rollover Private Grant 52 (72952),Funds Pub Schl 359 - PS 670M - Per Session,,,,TL Strong Schools Strong Communities HS
,,,,,,,Rollover Private PTA Grant 25 (61225),Funds Pub Schl 355 - PS 670M - Per Session,,,,TL Vision for School Improvement
,,,,,,,Rollover Private Grant 60 (62960),Funds Pub Schl 84 - PSM670 - B.O.N.D.,,,,TL Time and Attendance HS
,,,,,,,Rollover Private PTA Grant 21 (01221),Funds Pub Schl 12,,,,TL Champs
,,,,,,,Rollover Private PTA Grant 18 (81218),Funds Pub Schl 12 - PS 05M670,,,,TL Civics for All
,,,,,,,Rollover Private PTA Grant 18,Funds Pub Schl 302 - PS 517M - OTPS,,,,TL Situation Room
,,,,,,,Rollover Private PTA Grant 27 (71227),Funds Pub Schl 06 - PS 517M - OTPS,,,,TL Summer Rising Support Shared
,,,,,,,Rollover Private PTA Grant 09 (61209),Funds Pub Schl 04 - PSM517 - Supplies,,,,Rollover State Misc 03 - Empire State After Schl P
,,,,,,,Rollover Private PTA Grant 29 (61229),Funds Pub Schl 72,,,,State Misc 03 - Empire State After School Program
,,,,,,,Rollover Private PTA Grant 34,Funds Pub Schl 05 - PS 499M - OTPS,,,,TL Arts Studio
,,,,,,,Rollover Private PTA Grant 35 (61235),Funds Pub Schl 357 - PS 499M - Per Session,,,,TL E&E MS College Access OTPS
,,,,,,,Rollover Private PTA Grant 16 (01216),Funds Pub Schl 22 - PS M499,,,,TL E&E MS College Access PS
,,,,,,,Rollover Private PTA Grant 23 (91223),Funds Pub Schl 355 - Carmell Hill,,,,TL LEAP
,,,,,,,Rollover Private PTA Grant 12 (81212),Funds Pub Schl 396 - PS 161M - OTPS/PER SESSION,,,,TL SE Specialized Program Mixed Group
,,,,,,,Rollover Private PTA Grant 26 (71226),Funds Pub Schl 78,,,,TL SHSAT Test Prep
,,,,,,,Rollover Private Grant 35 (92935),Funds Pub Schl 23 - PS 30M - OTPS/Per Session,,,,TL Teacher Career Pathway - Subsidy Allocation
,,,,,,,Rollover Private Grant 44 (82944),Funds Pub Schl 367 - Big Apple Awards,,,,Rollover State Misc 03 -Empire State After School
,,,,,,,Rollover Private Grant 47 (72947),Funds Pub Schl 65 - PS 171M - OTPS,,,,State Misc 03 -Empire State After School
,,,,,,,Rollover Private Grant 44 (62944),Funds Pub Schl 03 - Digital Promise,,,,TL Core Curriculum Support
,,,,,,,Rollover Private Grant 52 (82952),Funds Pub Schl 358 - PS M096 - Digital Promise,,,,TL Mentoring Prep
,,,,,,,Rollover Private Grant 60 (72960),Funds Pub Schl 376 - PS M171 - Tech Supplies,,,,TL School Incentive 2019C3
,,,,,,,Rollover Private Grant 33 (72933),Funds Pub Schl 380 - PS M171,,,,TL Strong Schools Strong Communities
,,,,,,,Rollover Private Grant 46 (92946),Funds Pub Schl 326 - District 4 School Grant,,,,TL Deferred Program Planning Initiative
,,,,,,,Rollover Private PTA Grant 16 (71216),Funds Pub Schl 33 - PS 146M - OTPS (2902),,,,TL E&E Algebra for All
,,,,,,,Rollover Private PTA Grant 33 (91233),Funds Pub Schl 330 - PS 146M Per Session and OTPS,,,,TL E&E MS College Access
,,,,,,,Rollover Private PTA Grant 14 (61214),Funds Pub Schl 382 - PS 146M -Supplies,,,,TL ELL/Special Needs Partner Arts Project OTPS
,,,,,,,Private PTA Grant 33,Funds Pub Schl 387 - PS 146M - General Supplies,,,,TL Middle School Arts Matter OTPS
,,,,,,,,Funds Pub Schl 66 - PS 146M - OTPS,,,,State Misc. 91 - Safe and Supportive Schools Grant
,,,,,,,,Funds Pub Schl 95 - PS 146M - OTPS and Per Session,,,,TL Arts Studio HS
,,,,,,,,Funds Pub Schl 02 - PS M146 - Supplies,,,,State Misc 91 - Safe and Supportive School Grant
,,,,,,,,Funds Pub Schl 23 - PS M146 - Summer Program,,,,TL Part Time Arts Support HS
,,,,,,,,Funds PUb Schl 23 - PS146M Summer Prg,,,,TL Social and Emotional Learning HS
,,,,,,,,Funds Pub Schl 64 - PS 7M - OTPS,,,,TL E&E LINCT Program HS
,,,,,,,,Funds Pub Schl 341 - PS505M - Per Session and OTPS,,,,TL Summer in the City Focused Support
,,,,,,,,Funds Pub Schl 389 - OTPS School Enrichment,,,,TL Adult Literacy
,,,,,,,,Funds Pub Schl 88 - PS415M - Per Session,,,,TL Renewal ELT HS
,,,,,,,,Funds Pub Schl 56-PS M258-After School Programming,,,,TL Summer in the City Renewal School HS
,,,,,,,,Funds Pub Schl 28,,,,TL High School Arts Matter OTPS
,,,,,,,,Funds Pub Schl 366 - PS 242M - PS,,,,TL Renewal ELA/Math Student Support
,,,,,,,,Funds Pub Schl 53 - PSM242 - Dual Language,,,,TL HEW School Wellness Council
,,,,,,,,Funds Pub Schl 32 - PS 149M - OTPS,,,,TL School Incentive 2020C2
,,,,,,,,Funds Pub Schl 24 - PS 84M - OTPS,,,,PSAL HS Teams OTPS 90160
,,,,,,,,Funds Pub Schl 87 - PS 84M - OTPS,,,,TL CFES Open Schools Support Staff
,,,,,,,,Funds Pub Schl 99 - PSM084,,,,TL E&E AP for All Summer in the City
,,,,,,,,Funds Pub Schl 356 - M076 Technology Equipment,,,,TL ELL/Special Needs Partner Arts Project OTPS HS
,,,,,,,,Funds Pub Schl 22,,,,TL School Incentive HS 2019
,,,,,,,,Funds Pub Schl 61 - PS 933M,,,,TL Potential Mid Year Adj to be Repaid
,,,,,,,,Funds Pub Schl 26 - PS 896M,,,,TL School Incentive 2020C3
,,,,,,,,Funds Pub Schl 38,,,,TL Salary Subsidy 2018 HS
,,,,,,,,Funds Pub Schl 03 - NYC Mentoring Prog,,,,TL Summer in the City Community Schools
,,,,,,,,Funds Pub Schl 22 - PS 600M - OTPS,,,,TL COVID Register Relief
,,,,,,,,Funds Pub Schl 356 - PS 600M - OTPS,,,,TL Permanent Placement Incentive
,,,,,,,,Funds Pub Schl 20 - PS M600 - Technology,,,,TL Covid MY Register Loss Restoration
,,,,,,,,Funds Pub Schl 85 - PSM586 - Supplies,,,,TL Debt to be Repaid
,,,,,,,,Funds Pub Schl 359 - PS M580 - OTPS,,,,TL Summer in the City SWD Support
,,,,,,,,Funds Pub Schl 50 - PSM580 - After School Program,,,,TL Prior Year Encumbrance
,,,,,,,,Funds Pub Schl 91 - PS M551 - CTE,,,,Sequester/2010 Census Title IIA
,,,,,,,,Funds Pub Schl 315 - Harvest Collegiate - OTPS,,,,TL CB School Staff PK
,,,,,,,,Funds Pub Schl 37 - PS 534M,,,,TL Potential Mid Year Adj to be Repaid RG
,,,,,,,,Funds Pub Schl 36 - Harvest Collegiate - Burch,,,,TL Social and Emotional Learning
,,,,,,,,Funds Pub Schl 27 - Harvest Collegiate HS Burch,,,,TL Salary Subsidy 2019
,,,,,,,,Funds Pub Schl 16 - NYC Mentoring,,,,TL Part Time Arts Support
,,,,,,,,Funds Pub Schl 355 - PSM529 - Photography,,,,TL SE Transitional Funding
,,,,,,,,Funds Pub Schl 59 - PS 519M - Supplies,,,,TL Summer Rising ASD
,,,,,,,,Funds Pub Schl 31 - PS489M WISE,,,,TL Physical Education Initiative - Cohort 1
,,,,,,,,Funds Pub Schl 06,,,,TL Physical Education Initiative Support
,,,,,,,,Funds Pub Schl 391 - PSM449 - General Support,,,,TL Achieve Now
,,,,,,,,Funds Pub Schl 68,,,,TL Renewal ELT
,,,,,,,,Funds Pub Schl 18 - PS412M,,,,TL School Incentive 2019
,,,,,,,,Funds Pub Schl 24,,,,TL Time and Attendance
,,,,,,,,Funds Pub Schl 20 - PS 408M - Per Session,,,,TL Physical Education Initiative - Cohort 2
,,,,,,,,Funds Pub Schl 353 - PS 408M - Per Session,,,,TL Implicit Bias CCER
,,,,,,,,Funds Pub Schl 38 - PS M408 - Music,,,,TL Imagine Schools
,,,,,,,,Funds Pub Schl 69 - PS M408 - Ballet Programming,,,,TL Imagine Schools Per Session
,,,,,,,,Funds Pub Schl 366 - PSM408 - Per Session,,,,TL Summer in the City ASD
,,,,,,,,Funds Pub Schl 375 - PS 393M OTPS,,,,TL Wellness Programs
,,,,,,,,Funds Pub Schl 02,,,,Rollover Magnet School 03 (72403)
,,,,,,,,Funds Pub Schl 364 - PSM393 - OTPS,,,,AIDP Family Worker Per Session
,,,,,,,,Funds Pub Schl 65,,,,TL MYA SE Specialized Programs Hold Harmless
,,,,,,,,Funds Pub Schl 384 - PS/OTPS,,,,TL Salary Subsidy 2018
,,,,,,,,Funds Pub Schl 385 - PS 340M - OTPS,,,,TL Wellness Support
,,,,,,,,Funds Pub Schl 52 - PS M340 - Arts Programming,,,,TL LOTE
,,,,,,,,Funds Pub Schl 387 - PS M340 - Technology,,,,TL Summer in the City Discovery Program
,,,,,,,,Funds Pub Schl 73,,,,VATEA
,,,,,,,,Funds Pub Schl 58 - PS 276M,,,,VATEA WBL HS
,,,,,,,,Funds Pub Schl 98 - PS 198M - OTPS,,,,Foundation Grant 07
,,,,,,,,Funds Pub Schl 42 - PS 150M - Per Diem,,,,IC REV DCAS NYC Solar Schools Education Program
,,,,,,,,Funds Pub Schl 313 - PS 135M,,,,TL CTE Middle School Exploration
,,,,,,,,Funds Pub Schl 337 - PS 131M Per Session,,,,VATEA CTE Driver HS
,,,,,,,,Funds Pub Schl 41 - PS 131M - Per Session,,,,Foundation Grant 04
,,,,,,,,Funds Pub Schl 37 - PS M131 - After School,,,,TL Temporary Shortfall 6 pd Shortage Coverage
,,,,,,,,Funds Pub Schl 93 - PS M131 - Literacy,,,,Rollover Foundation Grant 10
,,,,,,,,Funds Pub Schl 54 - PS 130M,,,,TL Imagine Schools HS
,,,,,,,,Funds Pub Schl 348 - PS 126M - Per Session,,,,TL School Incentive HS 2019B
,,,,,,,,Funds Pub Schl 96 - PS M126 - PD,,,,TL Implicit Bias PL
,,,,,,,,Funds Pub Schl 74 - PS 111M - OTPS,,,,TL Remote Teaching Program HS
,,,,,,,,Funds Pub Schl 49 - PS 104M,,,,State Misc. 39 - EDSVP
,,,,,,,,Funds Pub Schl 301 - PS 51M - OTPS,,,,TL CCEC Voting HS
,,,,,,,,Funds Pub Schl 74 - PSM051 - Enrichment Programs,,,,TL HS Screened Arts Program Designation
,,,,,,,,Funds Pub Schl 59 - PS 42M,,,,State Misc. 39 EDSVP
,,,,,,,,Funds Pub Schl 97 - PSM003 Supplies,,,,TL HS Screened Arts Designation Planning
,,,,,,,,Funds Pub Schl 94 - PS M002 - Supplies,,,,State Misc. 41 EDSVP
,,,,,,,,Funds Pub Schl 54 - PS839M,,,,TL ASA for ESD SVP
,,,,,,,,Funds Pub Schl 390 - PSM378 - Arts,,,,Self Sustaining 75
,,,,,,,,Funds Pub Schl 53,,,,SLP Leg Grant 02 - (SI Basketball League)
,,,,,,,,Funds Pub Schl 351 - PS 15M,,,,Self Sustaining 60
,,,,,,,,Funds Pub Schl 48 - PS 15M - OTPS,,,,State Misc 07-IB Fee Waiver Reimbs for NYC IB Schl
,,,,,,,,Funds Pub Schl 347 - PS 371M - PS,,,,State Misc. 40 EDSVP
,,,,,,,,Funds Pub Schl 45 - PS 371M - OTPS,,,,Rollover CDC Comprehensive HIV Prevention
,,,,,,,,Funds Pub Schl 344 - PS 188M - OTPS,,,,State Misc 07 - IB Fee Waiver
,,,,,,,,Funds Pub Schl 349 - PS 188M - OTPS,,,,CDC Comprehensive HIV Prevention
,,,,,,,,Funds Pub Schl 357 - PS 188M - OTPS,,,,State Misc 40 EDSVP
,,,,,,,,Funds Pub Schl 56 - PS 188M,,,,TL Health Education Initiative Support
,,,,,,,,Funds Pub Schl 396 - PS M188 - SEL,,,,TL Salary Subsidy 2019 HS
,,,,,,,,Funds Pub Schl 63,,,,State Misc. 42 EDSVP
,,,,,,,,Funds Pub Schl 51 - PS 625X - OTPS,,,,Self Sustaining 46
,,,,,,,,Funds Pub Schl 25 - PS X360 - General,,,,TL Restorative Justice
,,,,,,,,Funds Pub Schl 16 - PS 20M - OTPS,,,,TL Virtual Content Specialist
,,,,,,,,Funds Pub Schl 62 - PS 20M - OTPS,,,,FY22 Grant in Aid Assembly (28670)
,,,,,,,,Funds Pub Schl 83 - PS 20M - OTPS,,,,TL New School Planning
,,,,,,,,Funds Pub Schl 84 - PS 20M - OTPS,,,,Self Sustaining 43
,,,,,,,,Funds Pub Schl 85 - PS 20M - OTPS,,,,Rollover Foundation Grant 04 (09904)
,,,,,,,,Funds Pub Schl 92 - Turnaround Arts,,,,TL CFES Open Schools Paras
,,,,,,,,,,,,TL Arts Continuum Program OTPS
,,,,,,,,,,,,TL Arts Continuum Program PS
,,,,,,,,,,,,TL Wallace
,,,,,,,,,,,,Self Sustaining 76
,,,,,,,,,,,,State Misc. 38 - EDSVP
,,,,,,,,,,,,Foundation Grant 05
,,,,,,,,,,,,FY20 NYS Senate Grant-in-Aid (08669)
,,,,,,,,,,,,TL TLP Teacher Development
,,,,,,,,,,,,State Misc. 38 EDSVP
,,,,,,,,,,,,TL New Principal Support
,,,,,,,,,,,,TL School to School Summer ASD Shared
,,,,,,,,,,,,Self Sustaining 82
,,,,,,,,,,,,TL CC Guidance Support
,,,,,,,,,,,,Self Sustaining 77
,,,,,,,,,,,,TL Temporary Shortfall 6 PD Shortage Coverage
,,,,,,,,,,,,Self Sustaining 19
,,,,,,,,,,,,Self Sustaining 79
,,,,,,,,,,,,TL CFES RIS Itinerant (Partial Funding)
,,,,,,,,,,,,Self Sustaining 95
,,,,,,,,,,,,IC REV DOMH Dental 09032
,,,,,,,,,,,,SLP Leg Grant 01
,,,,,,,,,,,,IC REV DOMH Dental 99032
,,,,,,,,,,,,SLP Leg Grant 01 92301
,,,,,,,,,,,,Self Sustaining 35
,,,,,,,,,,,,Self Sustaining 96
,,,,,,,,,,,,Self Sustaining 81
,,,,,,,,,,,,Self Sustaining 86
,,,,,,,,,,,,Self Sustaining 47
,,,,,,,,,,,,Extended Learning Time SM 41
,,,,,,,,,,,,Extended Learning Time 08641
,,,,,,,,,,,,Extended Learning Time 98641
,,,,,,,,,,,,Extended Learning Time 88640
,,,,,,,,,,,,Rollover Foundation Grant 06
,,,,,,,,,,,,Self Sustaining 61
,,,,,,,,,,,,TL CFES RIS ATR Covering Paid Leave
,,,,,,,,,,,,IC Rev DOHMH Dental Schools
,,,,,,,,,,,,IC Rev DOHMH Dental 119032
,,,,,,,,,,,,Self Sustaining 12
,,,,,,,,,,,,Self Sustaining 87
,,,,,,,,,,,,Self Sustaining 52
,,,,,,,,,,,,Self Sustaining 66
,,,,,,,,,,,,Self Sustaining 85
,,,,,,,,,,,,FY22 Grant in Aid Senate (28669)
,,,,,,,,,,,,TL School Incentive 2019B
,,,,,,,,,,,,Rollover Foundation Grant 14
,,,,,,,,,,,,CDC Comprehensive 88506
,,,,,,,,,,,,Self Sustaining 40
,,,,,,,,,,,,Self Sustaining 53
,,,,,,,,,,,,CDC Comprehensive HIV Prevention 28507
,,,,,,,,,,,,Self Sustaining 62
,,,,,,,,,,,,Self Sustaining 83
,,,,,,,,,,,,Self Sustaining 84
,,,,,,,,,,,,Self Sustaining 97
,,,,,,,,,,,,Self Sustaining 63
,,,,,,,,,,,,TL CC Target Class Size Reduction Pilot
,,,,,,,,,,,,TL Summer in the City FEI
,,,,,,,,,,,,Self Sustaining 56
,,,,,,,,,,,,Self Sustaining 58
,,,,,,,,,,,,Self Sustaining 15
,,,,,,,,,,,,Self Sustaining 31
,,,,,,,,,,,,Self Sustaining 55
,,,,,,,,,,,,Self Sustaining 37
,,,,,,,,,,,,TL LEAP HS
,,,,,,,,,,,,MBK FCEP D30 State Misc 48
,,,,,,,,,,,,TL TLP Teacher Development HS
,,,,,,,,,,,,TL Transitional Relief for SIG HS
,,,,,,,,,,,,SAPIS Renewal Schools
,,,,,,,,,,,,TL CTE CareerCLUE HS
,,,,,,,,,,,,SAPIS
,,,,,,,,,,,,TL New Principal Support HS
,,,,,,,,,,,,TL SAPIS
,,,,,,,,,,,,Learning Technology Grant 28725 - D30
,,,,,,,,,,,,Lazard Academy program-30q301 26q495 29q326 24q293
,,,,,,,,,,,,TL Urban Teacher Residency HS
,,,,,,,,,,,,TL CTE SVA HS
,,,,,,,,,,,,Learning Technology Grant 67
,,,,,,,,,,,,Rollover Priv Grant 39 D30 92939
,,,,,,,,,,,,Rollover FY20 NYS Senate Grant-in-Aid (08669)
,,,,,,,,,,,,Rollover PROSE Grant Collapsed Previous FYs 82990
,,,,,,,,,,,,Bilingual Ed - NYSSB - 30Q258
,,,,,,,,,,,,TL CTE Driver HS
,,,,,,,,,,,,Rollover Misc Fed Grant 90
,,,,,,,,,,,,Misc Fed Grant 90
,,,,,,,,,,,,TL City Year New York
,,,,,,,,,,,,State Misc. 37 EDSVP
,,,,,,,,,,,,Rollover Magnet School 05 (72405)
,,,,,,,,,,,,Rollover Magnet School 05
,,,,,,,,,,,,TL CCEC Voting
,,,,,,,,,,,,Rollover SLP Leg Grant 03
,,,,,,,,,,,,SLP Leg Grant 03
,,,,,,,,,,,,Community School Grant SED 15
,,,,,,,,,,,,Community School Grant SED 40
,,,,,,,,,,,,Community School Grant SED 45
,,,,,,,,,,,,Learning Technology Grant 60
,,,,,,,,,,,,TL Service in schools
,,,,,,,,,,,,Rollover SLP Leg Grant 04 62304
,,,,,,,,,,,,ROLLOVER Mis Fed Grant 91-Future Arts Initiative
,,,,,,,,,,,,Misc Fed Grant 91 - Future Arts Initiative
,,,,,,,,,,,,Misc Fed Grant 91
,,,,,,,,,,,,TL Urban Teacher Residency
,,,,,,,,,,,,State Misc. 36 EDSVP
,,,,,,,,,,,,Rollover State Misc 07
,,,,,,,,,,,,State Misc 07
,,,,,,,,,,,,MBK Chall D4 State Misc 05
,,,,,,,,,,,,Rollover Magnet School 04 (72404)
,,,,,,,,,,,,Rollover SLP Leg Grant 03 62303
,,,,,,,,,,,,Rollover SLP Leg Grant 02 62302
,,,,,,,,,,,,Rollover SLP Leg Grant 01 62301
,,,,,,,,,,,,TL CC Bridging the Gap
,,,,,,,,,,,,Rollover Foundation Grant 06 (69906)
,,,,,,,,,,,,Rollover State Misc 02 (98602)
,,,,,,,,,,,,Rollover State Misc 02
,,,,,,,,,,,,VATEA SVA
,,,,,,,,,,,,Bilingual Ed - NYSSB - 28Q505
,,,,,,,,,,,,Misc Fed Grant 43
,,,,,,,,,,,,TL Physical Education Initiative - Cohort 3
,,,,,,,,,,,,Rollover Magnet School 02(62402)
,,,,,,,,,,,,TL Arts Continuum Program OTPS HS
,,,,,,,,,,,,TL Arts Continuum Program PS HS
,,,,,,,,,,,,State Misc. 35 EDSVP
,,,,,,,,,,,,SLP Leg Grant 02
,,,,,,,,,,,,SLP Leg Grant 04 92304
,,,,,,,,,,,,SLP Leg Grant 03 92303
,,,,,,,,,,,,SLP Leg Grant 02 92302
,,,,,,,,,,,,SLP Leg Grant 05
,,,,,,,,,,,,SLP Leg Grant 04
,,,,,,,,,,,,TL Rise ELT
,,,,,,,,,,,,PSAL Snack and Bev Sponsor 80160
,,,,,,,,,,,,Rollover CDC Comprehensive 88506
,,,,,,,,,,,,TL Rise ELT HS
,,,,,,,,,,,,TL Summer in the City Rise School HS
,,,,,,,,,,,,TL Summer in the City Regents Prep
,,,,,,,,,,,,Rollover Community School Grant SED 40 (88701)
,,,,,,,,,,,,TL Bronx Plan Staff Increment HS
,,,,,,,,,,,,TL Bronx Plan Staff Increments
,,,,,,,,,,,,TL Lead Coach Teacher HS
,,,,,,,,,,,,Rollover CDC Comprehensive HIV Prevention 18507
,,,,,,,,,,,,TL Peer to Peer Mentoring HS
,,,,,,,,,,,,TL School Incentive 2019C2
,,,,,,,,,,,,State Misc. 34 EDSVP
,,,,,,,,,,,,TL ANTI-GUN VIOLENCE
,,,,,,,,,,,,TL Lead Coach Teacher
,,,,,,,,,,,,State Misc. 33 EDSVP
,,,,,,,,,,,,TL Salary Subsidy 2020
,,,,,,,,,,,,State Misc. 32 EDSVP
,,,,,,,,,,,,State Misc 04 - Empire State After School Rnd2 D27
,,,,,,,,,,,,State Misc 04 - Empire State After School
,,,,,,,,,,,,TL School to School Summer Rising ASD Shared
,,,,,,,,,,,,Rollover Community School Grant SED 45 (88701)
,,,,,,,,,,,,Pathways in Tech Cohort 1
,,,,,,,,,,,,Rollover FY19 Grant in Aid Assembly (98670)
,,,,,,,,,,,,Rollover Community School Grant SED 15 (88701)
,,,,,,,,,,,,TL Wallace HS
,,,,,,,,,,,,Rollover Misc Fed Grant 43
,,,,,,,,,,,,TL Mentor Restorative Justice
,,,,,,,,,,,,TL Restorative Justice Mentor
,,,,,,,,,,,,TL CC Restorative Justice Mentor
,,,,,,,,,,,,TL SING Arts
,,,,,,,,,,,,State Misc. 31 EDSVP
,,,,,,,,,,,,State Misc. 30 - EDSVP
,,,,,,,,,,,,State Misc. 30 EDSVP
,,,,,,,,,,,,Misc Fed Grant 93
,,,,,,,,,,,,Rollover Misc Fed Grant 93
,,,,,,,,,,,,TL School Consolidation
,,,,,,,,,,,,TL Learning and Practicing Tolerance HS
,,,,,,,,,,,,TL YMI Nine Squared
,,,,,,,,,,,,TL School Consolidation HS
,,,,,,,,,,,,TL YMI Eagle Academy
,,,,,,,,,,,,TL Eagle Institute PS
,,,,,,,,,,,,TL 3K for All
,,,,,,,,,,,,State Misc. 29 - EDSVP
,,,,,,,,,,,,State Misc. 29 EDSVP
,,,,,,,,,,,,Rollover Community School Grant SED 16 (88701)
,,,,,,,,,,,,Community School Grant SED 16
,,,,,,,,,,,,TL Renewal School Hold Harmless
,,,,,,,,,,,,TL Turnaround Arts
,,,,,,,,,,,,ROLLOVER Pr Gt 36 -Cntr for Educ Innova Art(02936)
,,,,,,,,,,,,Rollover SLP Leg Grant 14 62314
,,,,,,,,,,,,TL Continuous Learning
,,,,,,,,,,,,TL Men Teach Partner
,,,,,,,,,,,,SLP Leg Grant 05 92305
,,,,,,,,,,,,Rollover SLP Leg Grant 21 62321
,,,,,,,,,,,,Rollover Magnet School 02 (72402)
,,,,,,,,,,,,Rollover SLP Leg Grant 13 62313
,,,,,,,,,,,,Rollover SLP Leg Grant 11 62311
,,,,,,,,,,,,State Misc. 28 EDSVP
,,,,,,,,,,,,Rollover SLP Leg Grant 01 42301
,,,,,,,,,,,,Rollover SLP Leg Grant 02
,,,,,,,,,,,,Rollover SLP Leg Grant 16 62316
,,,,,,,,,,,,Rollover SLP Leg Grant 06 42306
,,,,,,,,,,,,Rollover SLP Leg Grant 07 62307
,,,,,,,,,,,,Rollover SLP Leg Grant 17 62317
,,,,,,,,,,,,Rollover SLP Leg Grant 06 62306
,,,,,,,,,,,,Foundation Grant 09
,,,,,,,,,,,,Bilingual Ed - NYSSB - 20K505..21K525
,,,,,,,,,,,,D88 Priv Grnt 30 American Museum Natural History
,,,,,,,,,,,,IC REV Physical Fitness CHAMPS SUPP UA 481/482
,,,,,,,,,,,,Rollover State Misc 04-Empire After School Program
,,,,,,,,,,,,TL Virtual Audition
,,,,,,,,,,,,TL Learning and Practicing Tolerance
,,,,,,,,,,,,Rollover State Misc 03-Empire State After School
,,,,,,,,,,,,State Misc. 27 EDSVP
,,,,,,,,,,,,State Misc. 26 EDSVP
,,,,,,,,,,,,TL ASA for SIG and SIF
,,,,,,,,,,,,TL CFES RIS H-Bank B-Segment
,,,,,,,,,,,,TL Summer in the City Shared HS YABC
,,,,,,,,,,,,TL Broadway Junior Arts Supplement HS
,,,,,,,,,,,,TL Broadway Junior Arts Supplement OTPS HS
,,,,,,,,,,,,TL Men Teach Partner HS
,,,,,,,,,,,,Rollover PSS Grant 19K328 (88649)
,,,,,,,,,,,,Rollover PSS Grant 19K328
,,,,,,,,,,,,PSS Grant 19K328
,,,,,,,,,,,,Rollover State Misc 91 - Safe and Supportive Schl
,,,,,,,,,,,,TL Middle School Screened Arts Program
,,,,,,,,,,,,Rollover SLP Leg Grant 02 42302
,,,,,,,,,,,,State Misc. 24 EDSVP
,,,,,,,,,,,,MBK Chall D18 State Misc 58
,,,,,,,,,,,,Rollover MBK Chall D18 State Misc 58
,,,,,,,,,,,,Rollover SLP Leg Grant 05
,,,,,,,,,,,,Rollover SLP Leg Grant 03 42303
,,,,,,,,,,,,Rollover SLP Leg Grant 04
,,,,,,,,,,,,Rollover SLP Leg Grant 11 42311
,,,,,,,,,,,,Priority/Focus Parent Education
,,,,,,,,,,,,Priority/Focus Schools
,,,,,,,,,,,,ASA for AA SIPP OTPS
,,,,,,,,,,,,TL ASA for AA for SIPP and PSSG PS
,,,,,,,,,,,,TL SE Transitional Funding HS
,,,,,,,,,,,,State Misc. 23 - EDSVP
,,,,,,,,,,,,State Misc. 23 EDSVP
,,,,,,,,,,,,Rollover Foundation Grant 06 (09906)
,,,,,,,,,,,,Misc Fed Grant 33 - SAMSHA 16K688
,,,,,,,,,,,,Rollover Misc Fed Grant 33 - SAMHSA Project AWARE
,,,,,,,,,,,,Misc Fed Grant 33 - SAMHSA - Project AWARE
,,,,,,,,,,,,Rollover Misc Fed Grant 33 - SAMHSA - Project AWAR
,,,,,,,,,,,,State Misc. 22 EDSVP
,,,,,,,,,,,,Rollover Misc Fed Grant 33
,,,,,,,,,,,,Rollover Foundation Grant 02 (69902)
,,,,,,,,,,,,TSI/CSI FY20 Planning SED Code 40
,,,,,,,,,,,,Foundation Grant 08
,,,,,,,,,,,,TL Blueprint Assistance
,,,,,,,,,,,,TL SE Specialized Program Pilot ACCESS
,,,,,,,,,,,,Rollover Foundation Grant 02 (49902)
,,,,,,,,,,,,Rollover Magnet School 01(62401)
,,,,,,,,,,,,Rollover SLP Leg Grant 12 62312
,,,,,,,,,,,,Rollover PSS Grant 14K610 (88650)
,,,,,,,,,,,,Rollover PSS Grant 14K610
,,,,,,,,,,,,ASA for AA PSSG OTPS
,,,,,,,,,,,,PSS Grant 14K610
,,,,,,,,,,,,Rollover Misc Fed Grant 90 (98590)
,,,,,,,,,,,,Rollover Misc Federal Grant 90
,,,,,,,,,,,,Rollover State Misc 06-NYS Early College/Smart Sch
,,,,,,,,,,,,Rollover State Misc 06 - D19s Early College HS
,,,,,,,,,,,,State Misc 06 - D19s Early College HS
,,,,,,,,,,,,Rollover School Wellness Council CDC 78506 PS
,,,,,,,,,,,,TL School Achievement PF Schools
,,,,,,,,,,,,TL Transitional Relief for SIG
,,,,,,,,,,,,Pathways in Tech Early College HS
,,,,,,,,,,,,Bilingual Ed - NYSSB - 13K430
,,,,,,,,,,,,Rollover Foundation Grant 03 (59903)
,,,,,,,,,,,,TL Purchased Svc Revenue HS
,,,,,,,,,,,,State Misc. 21 - EDSVP
,,,,,,,,,,,,State Misc. 21 EDSVP
,,,,,,,,,,,,Rollover Foundation Grant 04 (69904)
,,,,,,,,,,,,MBK Chall 85X812 State Misc 95 Year 2 Round 2
,,,,,,,,,,,,Foundation Grant 04 - DANA CENTER PLP
,,,,,,,,,,,,Rollover MBK FCEP D12 State Misc 97
,,,,,,,,,,,,MBK FCEP D12 State Misc 97
,,,,,,,,,,,,MBK Chall 85X812 State Misc 87 Year 3 Round 2
,,,,,,,,,,,,MBK Challenge D12 State Misc 95 - Round 2
,,,,,,,,,,,,State Misc. 91 - Safe and Supportive Schools
,,,,,,,,,,,,Bilingual Ed - NYSSB - 11X509
,,,,,,,,,,,,FG02 UFT Foundation - City Council Edu Cntr Grant
,,,,,,,,,,,,State Misc. 20 EDSVP
,,,,,,,,,,,,Learning Technology Grant X370 88661
,,,,,,,,,,,,Rollover MBK FCEP D11 State Misc 79
,,,,,,,,,,,,Rollover MBK Chall D11 State Misc 52
,,,,,,,,,,,,Rollover Foundation Grant 02 (79902)
,,,,,,,,,,,,Rollover MBK Chall D10 State Misc 51
,,,,,,,,,,,,Learning Technology Grant 28723 - D10
,,,,,,,,,,,,Learning Technology Grant 65
,,,,,,,,,,,,Rollover PSS Grant 10X080 (88648)
,,,,,,,,,,,,PSS Grant 10X080
,,,,,,,,,,,,State Misc. 19 EDSVP
,,,,,,,,,,,,Community School Grant SED 46
,,,,,,,,,,,,Rollover Foundation Grant 01 (79901)
,,,,,,,,,,,,Rollover PSS Grant Year 3 09X117 (88647)
,,,,,,,,,,,,Rollover PSS Grant Year 3 09X117
,,,,,,,,,,,,PSS Grant Year 3 09X117
,,,,,,,,,,,,Rollover FG02 UFT Foundation - City Council Edu C
,,,,,,,,,,,,Rollover PSS Grant Year 3 09X022 (88646)
,,,,,,,,,,,,Rollover PSS Grant Year 3 09X022
,,,,,,,,,,,,PSS Grant Year 3 09X022
,,,,,,,,,,,,Learning Technology Grant 28722 - D8
,,,,,,,,,,,,Learning Technology Grant 61
,,,,,,,,,,,,Learning Technology Grant 62
,,,,,,,,,,,,3K for All District 08
,,,,,,,,,,,,Learning Technology Grant 64
,,,,,,,,,,,,Learning Technology Grant 63
,,,,,,,,,,,,Learning Technology Grant 28721 - D7
,,,,,,,,,,,,MBK Exemplary Schools Model - D7 - State Misc 59
,,,,,,,,,,,,State Misc. 18 - EDSVP
,,,,,,,,,,,,State Misc. 18 EDSVP
,,,,,,,,,,,,State Misc. 17 - EDSVP
,,,,,,,,,,,,State Misc. 17 EDSVP
,,,,,,,,,,,,Rollover MBK Chall D07 State Misc 07
,,,,,,,,,,,,Bilingual Ed - NYSSB - 06M540
,,,,,,,,,,,,State Misc 01 - UFT/D6 ELL Pilot Program
,,,,,,,,,,,,TL CFES RIS Open Schools
,,,,,,,,,,,,Rollover MBK Exemplry Model D5M670 (08656)
,,,,,,,,,,,,ROLLOVER MBK Exmplry Model D5 M670
,,,,,,,,,,,,Rollover MBK Exemplary Schl Model Grant
,,,,,,,,,,,,MBK FCEP D5 State Misc 76
,,,,,,,,,,,,Rollover MBK FCEP D5 State Misc 76
,,,,,,,,,,,,State Misc 05-Empire State After Sch Prog Rnd 2 D5
,,,,,,,,,,,,State Misc 05-Empire State After Schl Prg Rnd2 D5
,,,,,,,,,,,,State Misc 05 -Empire State After School
,,,,,,,,,,,,State Misc 05 - Empire State After School
,,,,,,,,,,,,State Misc. 16 - EDSVP
,,,,,,,,,,,,State Misc. 16 EDSVP
,,,,,,,,,,,,State Misc 01
,,,,,,,,,,,,State Misc. 15 - EDSVP
,,,,,,,,,,,,State Misc. 15 EDSVP
,,,,,,,,,,,,State Misc. 14 - EDSVP
,,,,,,,,,,,,State Misc. 14 EDSVP
,,,,,,,,,,,,State Misc. 13 EDSVP
,,,,,,,,,,,,TL High School Screened Arts Program Supplement
,,,,,,,,,,,,Funds Pubn Schl 366 - PS 242 - PS
,,,,,,,,,,,,State Misc. 13 - EDSVP
,,,,,,,,,,,,TL Summer in the City LTW
,,,,,,,,,,,,Rollover Foundation Grant 05
,,,,,,,,,,,,Rollover Foundation Grant 07 (79907)
,,,,,,,,,,,,Rollover Foundation Grant 07
,,,,,,,,,,,,Rollover Foundation Grant 11 (69911)
,,,,,,,,,,,,Rollover Foundation Grant 14 (69914)
,,,,,,,,,,,,Rollover Prv Grnt 68-Urban Assembly Scholar(62968)
,,,,,,,,,,,,Bilingual Ed - NYSSB - 02M542
,,,,,,,,,,,,TL MYA OTC Offset
,,,,,,,,,,,,Bilingual Ed - NYSSB - 02M475
,,,,,,,,,,,,State Misc. 12 - EDSVP
,,,,,,,,,,,,State Misc. 12 EDSVP
,,,,,,,,,,,,Rollover Misc Fed Grant 21 - Natl Parks NY Harbor
,,,,,,,,,,,,State Misc. 11 - EDSVP
,,,,,,,,,,,,State Misc. 11 EDSVP
,,,,,,,,,,,,State Misc 01 - NYS Parks Rec Connect Kids
,,,,,,,,,,,,Bilingual Ed - NYSSB - 01M515
,,,,,,,,,,,,Rollover Foundation Grant 01 (69901)
,,,,,,,,,,,,Rollover Misc Fed Grant 29 - Ambassador Fellowship
,,,,,,,,,,,,Misc Fed Grant 29 - Ambassador Fellowship Program
,,,,,,,,,,,,Rollover Misc Fed Grant 29
,,,,,,,,,,,,Misc Fed Grant 29
,,,,,,,,,,,,TL Hard to Staff Differentials
